id,full_name,birthdate,gender,faction,faction_start,faction_end,profession,district_number,district_name,mandate,clean_handle
11005504,Achim Köhler,1964-03-22,männlich,AfD,2025-03-25,,,277.0,Rhein-Neckar,Landesliste,
11005408,Adam Balten,1983-11-09,männlich,AfD,2025-03-25,,Mechatronik-Ingenieur,112.0,Wesel I,Landesliste,
11005404,Alexander Arpaschi,1970-05-24,männlich,AfD,2025-03-25,,,273.0,Rastatt,Landesliste,
11005622,Alexis L. Giersch,1963-09-25,männlich,AfD,2025-03-25,,,,,Landesliste,
11004674,Andreas Bleck,1988-04-17,männlich,AfD,2025-03-25,,Büroleiter,196.0,Neuwied,Landesliste,
11005524,Andreas Mayer,1995-01-25,männlich,AfD,2025-03-25,,Luft- und Raumfahrttechnik-Ingenieur,253.0,Donau-Ries,Landesliste,
11005540,Andreas Paul,1978-10-10,männlich,AfD,2025-03-25,,Offizier in der Bundeswehr,27.0,Oldenburg – Ammerland,Landesliste,
11005559,Angela Rudzka,1984-01-20,weiblich,AfD,2025-03-25,,Referentin der AfD Fraktion im Landtag Niedersachsen,49.0,Salzgitter – Wolfenbüttel,Landesliste,
11005549,Arne Raue,1970-08-18,männlich,AfD,2025-03-25,,,60.0,BRB a.d.Havel– Potsdam-MittelmarkI –HVL III–Teltow-Fläming I,Direktwahl,
11005596,Bastian Treuheit,1998-01-17,männlich,AfD,2025-03-25,,Kaufmann im Groß- und Einzelhandel,242.0,Fürth,Landesliste,
11004905,Beatrix Storch,1971-05-27,weiblich,AfD,2025-03-25,,Anwältin,85.0,Berlin-Lichtenberg,Landesliste,
11005203,Bernd Schattner,1968-06-27,männlich,AfD,2025-03-25,,Geschäftsführer,210.0,Südpfalz,Landesliste,
11005578,Bernd Schuhmann,1964-07-20,männlich,AfD,2025-03-25,,"Gärtnermeister, Gärtnertechniker",249.0,Schweinfurt,Landesliste,
11005415,Birgit Bessin,1978-03-26,weiblich,AfD,2025-03-25,,,65.0,Elbe-Elster – Oberspreewald-Lausitz,Direktwahl,
11005463,Boris Gamanov,1986-10-19,männlich,AfD,2025-03-25,,Wirtschaftsfachwirt,296.0,Saarbrücken,Landesliste,
11005567,Carina Schießl,1990-02-19,weiblich,AfD,2025-03-25,,,232.0,Regensburg,Landesliste,
11005014,Carolin Bachmann,1988-09-03,weiblich,AfD,2025-03-25,,,160.0,Mittelsachsen,Direktwahl,
11005412,Carsten Becker,1990-01-20,männlich,AfD,2025-03-25,,Facharbeiter,297.0,Saarlouis,Landesliste,
11005442,Christian Douglas,1978-01-26,männlich,AfD,2025-03-25,,Dipl.-Kaufmann,180.0,Main-Taunus,Landesliste,
11005550,Christian Reck,1987-11-16,männlich,AfD,2025-03-25,,"Kaufmann für Groß- und Außenhandel, B.A.",154.0,Meißen,Direktwahl,
11005615,Christian Zaum,1969-06-30,männlich,AfD,2025-03-25,,Gymnasiallehrer,147.0,Siegen-Wittgenstein,Landesliste,
11005472,Christoph Grimm,1957-04-03,männlich,AfD,2025-03-25,,Rechtsanwalt,13.0,Ludwigslust-Parchim II–Nordwestmecklenbg II–Landkr. RostockI,Direktwahl,
11005443,Christopher Drößler,1995-09-26,männlich,AfD,2025-03-25,,Polizeibeamter,188.0,Eichsfeld – Nordhausen – Kyffhäuserkreis,Direktwahl,
11005608,Claudia Weiss,1975-02-07,weiblich,AfD,2025-03-25,,Pflegedienstleiterin,69.0,Magdeburg,Direktwahl,
11005526,Danny Meiners,1979-01-02,männlich,AfD,2025-03-25,,Metallbaumeister,31.0,Mittelems,Landesliste,
11005581,Dario Seifert,1994-04-02,männlich,AfD,2025-03-25,,Kaufmann für Bürokommunikation,15.0,Vorpommern-Rügen – Vorpommern-Greifswald I,Direktwahl,
11005541,Denis Pauli,1978-09-25,männlich,AfD,2025-03-25,,,,,Landesliste,
11005618,Diana Zimmer,1998-07-09,weiblich,AfD,2025-03-25,,Betriebswirtin (B.Sc.),279.0,Pforzheim,Landesliste,
11005031,Dirk Brandes,1974-05-25,männlich,AfD,2025-03-25,,Industriekaufmann,43.0,Hannover-Land I,Landesliste,
11004724,Dr. Alexander Gauland,1941-02-20,männlich,AfD,2025-03-25,,"Staatssekretär a. D., Publizist",161.0,Chemnitz,Direktwahl,
11005613,Dr. Alexander Wolf,1967-04-19,männlich,AfD,2025-03-25,,Rechtsanwalt,20.0,Hamburg-Eimsbüttel,Landesliste,
11004930,Dr. Alice Weidel,1979-02-06,weiblich,AfD,2025-03-25,,"Dipl.-Kauffrau, Dipl.-Volkswirtin",293.0,Bodensee,Landesliste,
11005515,Dr. Anna Rathert,1977-04-29,weiblich,AfD,2025-03-25,,Rechtsanwältin,120.0,Recklinghausen I,Landesliste,
11004662,Dr. Bernd Baumann,1958-01-31,männlich,AfD,2025-03-25,,Kaufmann,19.0,Hamburg-Altona,Landesliste,
11004936,Dr. Christian Wirth,1963-04-27,männlich,AfD,2025-03-25,,Rechtsanwalt,,,Landesliste,
11005018,Dr. Christina Baum,1956-03-21,weiblich,AfD,2025-03-25,,Zahnärztin,68.0,Harz,Direktwahl,
11005418,Dr. Christoph Birghan,1970-06-23,männlich,AfD,2025-03-25,,Patentanwalt,224.0,Traunstein,Landesliste,
11005616,Dr. Daniel Zerbin,1973-02-01,männlich,AfD,2025-03-25,,Kriminalwissenschaftler,140.0,Herne – Bochum II,Landesliste,
11004698,Dr. Gottfried Curio,1960-09-02,männlich,AfD,2025-03-25,,,84.0,Berlin-Marzahn-Hellersdorf,Direktwahl,
11004722,Dr. Götz Frömming,1968-08-30,männlich,AfD,2025-03-25,,Gymnasiallehrer,56.0,Prignitz – Ostprignitz-Ruppin – Havelland I,Direktwahl,
11005099,Dr. Malte Kaufmann,1976-12-14,männlich,AfD,2025-03-25,,"Dipl.-Volkswirt, Unternehmer",274.0,Heidelberg,Landesliste,
11005512,Dr. Maximilian Krah,1977-01-28,männlich,AfD,2025-03-25,,Volljurist,162.0,Chemnitzer Umland – Erzgebirgskreis II,Direktwahl,
11005420,Dr. Michael Blos,1976-03-03,männlich,AfD,2025-03-25,,Dipl. Geologe,283.0,Emmendingen – Lahr,Landesliste,
11004711,Dr. Michael Espendiller,1989-05-05,männlich,AfD,2025-03-25,,"Mathematiker, Volkswirt",125.0,Borken II,Landesliste,
11005572,Dr. Paul Schmidt,1966-01-04,männlich,AfD,2025-03-25,,Physiker,,,Landesliste,
11004792,Dr. Rainer Kraft,1974-01-08,männlich,AfD,2025-03-25,,Dipl.-Chemiker,,,Landesliste,
11005305,Dr. Rainer Rothfuß,1971-04-19,männlich,AfD,2025-03-25,,Geopolitik-Analyst,256.0,Oberallgäu,Landesliste,
11005166,Edgar Naujok,1960-06-25,männlich,AfD,2025-03-25,,Unternehmer,153.0,Leipzig-Land,Direktwahl,
11004787,Enrico Komning,1968-08-06,männlich,AfD,2025-03-25,,Rechtsanwalt,16.0,Mecklenburgische Seenplatte I – Vorpommern-Greifswald II ,Direktwahl,
11005433,Erhard Brucker,1972-10-28,männlich,AfD,2025-03-25,,Unternehmer,228.0,Passau,Landesliste,
11004767,Fabian Jacobi,1973-06-19,männlich,AfD,2025-03-25,,Rechtsanwalt,92.0,Köln I,Landesliste,
11005577,Georg Schroeter,1950-08-26,männlich,AfD,2025-03-25,,Diplom-Ingenieur; selbständig,144.0,Hamm – Unna II,Landesliste,
11005029,Gereon Bollmann,1953-11-20,männlich,AfD,2025-03-25,,Richter am Oberlandesgericht a. D.,4.0,Rendsburg-Eckernförde,Landesliste,
11004846,Gerold Otten,1955-12-07,männlich,AfD,2025-03-25,,Berufssoldat a. D.,220.0,München-Land,Landesliste,
11005091,Gerrit Huy,1953-05-13,weiblich,AfD,2025-03-25,,Diplommathematikerin,225.0,Weilheim,Landesliste,
11005066,Hannes Gnauck,1991-08-08,männlich,AfD,2025-03-25,,Soldat auf Zeit,57.0,Uckermark – Barnim I,Direktwahl,
11005469,Hans-Jürgen Goßner,1970-11-17,männlich,AfD,2025-03-25,,"Industriemeister für Elektrotechnik (IHK), Technischer Einkäufer",263.0,Göppingen,Landesliste,
11005458,Hauke Finger,1968-08-17,männlich,AfD,2025-03-25,,Bankbetriebswirt,113.0,Krefeld II – Wesel II,Landesliste,
11005502,Heinrich Koch,1962-03-08,männlich,AfD,2025-03-25,,Sachverständiger für Unfallrekonstruktion,275.0,Mannheim,Landesliste,
11005535,Iris Nieland,1960-06-20,weiblich,AfD,2025-03-25,,,209.0,Pirmasens,Landesliste,
11005455,Jan Feser,1985-03-01,männlich,AfD,2025-03-25,,Sozialjurist,177.0,Rheingau-Taunus – Limburg,Landesliste,
11004842,Jan Ralf Nolte,1988-12-30,männlich,AfD,2025-03-25,,Soldat,166.0,Waldeck,Landesliste,
11005210,Jan Wenzel Schmidt,1991-10-08,männlich,AfD,2025-03-25,,Handelsfachwirt,67.0,Börde – Salzlandkreis,Direktwahl,
11005419,Joachim Bloch,1963-08-02,männlich,AfD,2025-03-25,,Rechtsanwalt,285.0,Rottweil – Tuttlingen,Landesliste,
11004739,Jochen Haug,1973-01-11,männlich,AfD,2025-03-25,,Rechtsanwalt,94.0,Köln III,Landesliste,
11005522,Johann Martel,1979-02-16,männlich,AfD,2025-03-25,,Technischer Fachwirt,276.0,Odenwald – Tauber,Landesliste,
11005569,Julian Schmidt,1989-12-10,männlich,AfD,2025-03-25,,Wirtschaftsingenieur,170.0,Marburg,Landesliste,
11005619,Jörg Zirwes,1968-03-20,männlich,AfD,2025-03-25,,Berufssoldat a. D.,199.0,Mosel/Rhein-Hunsrück,Landesliste,
11004788,Jörn König,1967-10-29,männlich,AfD,2025-03-25,,"IT-Unternehmensberater, Dipl.-Ing. (MBA)",41.0,Stadt Hannover I,Landesliste,
11005503,Jürgen Koegel,1958-09-26,männlich,AfD,2025-03-25,,Dipl.-Bankbetriebswirt ADG,267.0,Heilbronn,Landesliste,
11004752,Karsten Hilse,1964-12-12,männlich,AfD,2025-03-25,,Polizeibeamter,155.0,Bautzen I,Direktwahl,
11004731,Kay Gottschalk,1965-12-12,männlich,AfD,2025-03-25,,Dipl.-Kaufmann,110.0,Viersen,Landesliste,
11005265,Kay-Uwe Ziegler,1963-10-27,männlich,AfD,2025-03-25,,Kaufmann / Geschäftsführer Textilhandel,73.0,Mansfeld,Direktwahl,
11005547,Kerstin Przygodda,1962-08-15,weiblich,AfD,2025-03-25,,Angestellte,11.0,Lübeck,Landesliste,
11005528,Knuth Meyer-Soltau,1965-03-13,männlich,AfD,2025-03-25,,Rechtsanwalt und Fachanwalt für Strafrecht,139.0,Bochum I,Landesliste,
11005498,Kurt Kleinschmidt,1967-02-07,männlich,AfD,2025-03-25,,Pensionär (Soldat a. D.),2.0,Nordfriesland – Dithmarschen Nord,Landesliste,
11005478,Lars Haise,1989-03-23,männlich,AfD,2025-03-25,,Lokomotivführer,264.0,Waiblingen,Landesliste,
11005566,Lars Schieske,1977-01-01,männlich,AfD,2025-03-25,,,64.0,Cottbus – Spree-Neiße,Direktwahl,
11004761,Leif-Erik Holm,1970-08-01,männlich,AfD,2025-03-25,,Ökonom (M. Sc.),12.0,Schwerin – Ludwigslust-Parchim I – Nordwestmecklenburg I,Direktwahl,
11005552,Lukas Rehm,1990-02-05,männlich,AfD,2025-03-25,,Personalsachbearbeiter,215.0,Ingolstadt,Landesliste,
11005315,Manfred Schiller,1961-09-23,männlich,AfD,2025-03-25,,"Radio- und Fernsehtechniker, selbstständig",234.0,Weiden,Landesliste,
11005513,Manuel Krauthausen,1992-05-12,männlich,AfD,2025-03-25,,"Schornsteinfeger, Gebäude-Energieberater",,,Landesliste,
11004669,Marc Bernhard,1972-02-05,männlich,AfD,2025-03-25,,"Rechtsanwalt, MBA",271.0,Karlsruhe-Stadt,Landesliste,
11005548,Marcel Queckemeyer,1980-09-14,männlich,AfD,2025-03-25,,Industriekaufmann (Vertriebsleiter),38.0,Osnabrück-Land,Landesliste,
11004687,Marcus Bühl,1977-04-29,männlich,AfD,2025-03-25,,Dipl.-Informatiker (M. Sc.) (FH),191.0,Gotha – Ilm-Kreis,Direktwahl,
11004721,Markus Frohnmaier,1991-02-25,männlich,AfD,2025-03-25,,Pressesprecher,260.0,Böblingen,Landesliste,
11005523,Markus Matzerath,1970-12-03,männlich,AfD,2025-03-25,,Polizeivollzugsbeamter i.d. Bundespolizei,,,Landesliste,
11004862,Martin Erwin Renner,1954-05-05,männlich,AfD,2025-03-25,,Dipl.-Betriebswirt,103.0,Mettmann I,Landesliste,
11004749,Martin Hess,1971-01-11,männlich,AfD,2025-03-25,,Polizeihauptkommissar a. D.,265.0,Ludwigsburg,Landesliste,
11004859,Martin Reichardt,1969-07-30,männlich,AfD,2025-03-25,,"Offizier, Dipl.-Pädagoge",72.0,Burgenland – Saalekreis,Direktwahl,
11004892,Martin Sichert,1980-06-10,männlich,AfD,2025-03-25,,Dipl.-Kaufmann,26.0,Friesland – Wilhelmshaven – Wittmund,Landesliste,
11005496,Martina Kempf,1964-03-31,weiblich,AfD,2025-03-25,,Juristin,281.0,Freiburg,Landesliste,
11005597,Martina Uhr,1961-03-26,weiblich,AfD,2025-03-25,,Medizinische Fachkraft,25.0,Unterems,Landesliste,
11005607,Mathias Weiser,1986-12-05,männlich,AfD,2025-03-25,,kaufmännischer Leiter,165.0,Vogtlandkreis,Direktwahl,
11005079,Matthias Helferich,1988-10-14,männlich,AfD,2025-03-25,,Rechtsanwalt,142.0,Dortmund II,Landesliste,
11005157,Matthias Moosdorf,1965-04-20,männlich,AfD,2025-03-25,,"Musiker, Hochschullehrer",164.0,Zwickau,Direktwahl,
11005555,Matthias Rentzsch,1977-09-23,männlich,AfD,2025-03-25,,,159.0,Dresden II – Bautzen II,Direktwahl,
11005499,Maximilian Kneller,1993-10-20,männlich,AfD,2025-03-25,,Wissenschaftlicher Mitarbeiter,131.0,Bielefeld – Gütersloh II,Landesliste,
11005454,Micha Fehre,1997-04-18,männlich,AfD,2025-03-25,,Unternehmer,42.0,Stadt Hannover II,Landesliste,
11005479,Mirco Hanker,1966-02-02,männlich,AfD,2025-03-25,,Dipl.-Kaufmann,50.0,Braunschweig,Landesliste,
11005483,Nicole Hess,1973-07-22,weiblich,AfD,2025-03-25,,"Industriekauffrau, Purser, Synchronsprecher",,,Landesliste,
11004753,Nicole Höchst,1970-02-10,weiblich,AfD,2025-03-25,,,200.0,Kreuznach,Landesliste,nicolehoechst-mdb.bsky.social
11005486,Olaf Hilmer,1972-02-17,männlich,AfD,2025-03-25,,Dipl.-Logistiker,,,Landesliste,
11005586,Otto Strauß,1954-02-19,männlich,AfD,2025-03-25,,Dachdeckermeister in Rente,,,Landesliste,
11004675,Peter Boehringer,1969-04-06,männlich,AfD,2025-03-25,,"Publizist, Kaufmann",231.0,Amberg,Landesliste,
11005423,Peter Bohnhof,1962-12-14,männlich,AfD,2025-03-25,,Rechtsanwalt,,,Landesliste,
11004714,Peter Felser,1969-09-20,männlich,AfD,2025-03-25,,Unternehmer,,,Landesliste,
11005517,Pierre Lamely,1981-01-12,männlich,AfD,2025-03-25,,"Heizungsmonteur, Assistent EU-Parlament (beurlaubt)",173.0,Fulda,Landesliste,
11005476,Prof. Dr. Ingo Hahn,1971-01-28,männlich,AfD,2025-03-25,,Professor,222.0,Bad Tölz-Wolfratshausen – Miesbach,Landesliste,
11005100,Prof. Dr. Michael Kaufmann,1964-04-21,männlich,AfD,2025-03-25,,"Ingenieur, Hochschullehrer",194.0,Saalfeld-Rudolstadt – Saale-Holzland-Kreis – Saale-Orla-Kreis,Direktwahl,
11005564,Raimond Scheirich,1990-03-21,männlich,AfD,2025-03-25,,Umweltingenieur,251.0,Augsburg-Stadt,Landesliste,
11005462,Rainer Galla,1961-09-23,männlich,AfD,2025-03-25,,Volljurist,63.0,Frankfurt (Oder) – Oder-Spree,Direktwahl,
11005473,Rainer Groß,1960-08-09,männlich,AfD,2025-03-25,,Rechtsanwalt,,,Landesliste,
11005531,Reinhard Mixl,1961-01-11,männlich,AfD,2025-03-25,,"Dipl.-Betriebswirt (FH), Wirtschaftsberater",233.0,Schwandorf,Landesliste,
11005026,René Bochmann,1969-02-04,männlich,AfD,2025-03-25,,Bürokaufmann,150.0,Nordsachsen,Direktwahl,
11004900,René Springer,1979-07-15,männlich,AfD,2025-03-25,,Politikwissenschaftler,59.0,Märkisch-Oderland – Barnim II,Direktwahl,
11005591,Robert Teske,1990-03-08,männlich,AfD,2025-03-25,,,195.0,Suhl – Schmalkalden-Meiningen – Hildburghausen – Sonneberg,Direktwahl,
11005493,Robin Jünger,1996-07-10,männlich,AfD,2025-03-25,,"Unternehmer, gelernter Kaufmann",172.0,Gießen,Landesliste,
11005497,Rocco Kever,1979-12-31,männlich,AfD,2025-03-25,,Stellv. Geschäftsführer,40.0,Nienburg II – Schaumburg,Landesliste,
11005468,Ronald Gläser,1973-12-16,männlich,AfD,2025-03-25,,Journalist,75.0,Berlin-Pankow,Landesliste,
11005561,Ruben Rupp,1990-05-28,männlich,AfD,2025-03-25,,Gelernter Kaufmann im Einzelhandel / Wissenschaftlicher Referent,269.0,Backnang – Schwäbisch Gmünd,Landesliste,
11004807,Rüdiger Lucassen,1951-08-19,männlich,AfD,2025-03-25,,Mitglied des Deutschen Bundestag,91.0,Euskirchen – Rhein-Erft-Kreis II,Landesliste,
11005520,Sascha Lensing,1973-09-13,männlich,AfD,2025-03-25,,Polizeibeamter,115.0,Duisburg II,Landesliste,
11005521,Sebastian Maack,1969-06-21,männlich,AfD,2025-03-25,,Dipl.-Wirtschaftsingenieur,76.0,Berlin-Reinickendorf,Landesliste,
11004836,Sebastian Münzenmaier,1989-07-02,männlich,AfD,2025-03-25,,Finanzanlagen- und Versicherungsfachmann (IHK),208.0,Kaiserslautern,Landesliste,
11005529,Sergej Minich,1987-03-18,männlich,AfD,2025-03-25,,,54.0,Bremen I,Landesliste,
11005500,Sieghard Knodel,1961-02-13,männlich,AfD,2025-03-25,,"Betriebswirt, Landmaschinenmeister",,,Landesliste,
11005480,Stefan Henze,1965-07-17,männlich,AfD,2025-03-25,,Finanz/Bilanzbuchhalter,47.0,Hannover-Land II,Landesliste,
11004778,Stefan Keuter,1972-08-19,männlich,AfD,2025-03-25,,Bankkaufmann,119.0,Essen III,Landesliste,
11005532,Stefan Möller,1975-03-23,männlich,AfD,2025-03-25,,"Rechtsanwalt, Syndikusrechtsanwalt",189.0,Eisenach – Wartburgkreis – Unstrut-Hainich-Kreis,Direktwahl,
11005576,Stefan Schröder,1983-05-30,männlich,AfD,2025-03-25,,Historiker,190.0,Jena – Sömmerda – Weimarer Land I,Direktwahl,
11005092,Steffen Janich,1971-01-22,männlich,AfD,2025-03-25,,Polizist,157.0,Sächsische Schweiz-Osterzgebirge,Direktwahl,
11004791,Steffen Kotré,1971-04-29,männlich,AfD,2025-03-25,,Dipl.-Ingenieur,62.0,Dahme-Spreewald – Teltow-Fläming III,Direktwahl,
11004678,Stephan Brandner,1966-05-29,männlich,AfD,2025-03-25,,"Rechtsanwalt, Industriekaufmann",193.0,Gera – Greiz – Altenburger Land,Direktwahl,
11004858,Stephan Protschka,1977-11-08,männlich,AfD,2025-03-25,,selbständig,229.0,Rottal-Inn,Landesliste,
11005609,Sven Wendorf,1972-02-14,männlich,AfD,2025-03-25,,Verwaltungsfachangestellter,8.0,Segeberg – Stormarn-Mitte,Landesliste,
11005042,Thomas Dietz,1967-03-12,männlich,AfD,2025-03-25,,MdB,163.0,Erzgebirgskreis I,Direktwahl,
11005456,Thomas Fetsch,1969-07-07,männlich,AfD,2025-03-25,,,187.0,Bergstraße,Landesliste,
11005509,Thomas Korell,1983-07-29,männlich,AfD,2025-03-25,,Dachdecker,66.0,Altmark – Jerichower Land,Direktwahl,
11005516,Thomas Ladzinski,1989-03-16,männlich,AfD,2025-03-25,,"Dipl.-Ingenieur, Projektleiter Digitalisierung",158.0,Dresden I,Direktwahl,
11005585,Thomas Stephan,1970-08-20,männlich,AfD,2025-03-25,,Versicherungs- und Finanzanlagenfachmann,207.0,Neustadt – Speyer,Landesliste,
11004695,Tino Chrupalla,1975-04-14,männlich,AfD,2025-03-25,,Maler- und Lackierermeister,156.0,Görlitz,Direktwahl,
11005446,Tobias Ebenberger,1990-08-02,männlich,AfD,2025-03-25,,Content Creator,96.0,Rhein-Sieg-Kreis I,Landesliste,
11004850,Tobias Matthias Peterka,1982-09-04,männlich,AfD,2025-03-25,,Jurist,236.0,Bayreuth,Landesliste,
11005590,Tobias Teich,1984-01-06,männlich,AfD,2025-03-25,,"Außenhandelskaufmann, Versicherungsfachmann",217.0,München-Ost,Landesliste,
11005429,Torben Braga,1991-08-27,männlich,AfD,2025-03-25,,Politikwissenschaftler,,,Landesliste,
11004743,Udo Theodor Hemmelgarn,1959-05-04,männlich,AfD,2025-03-25,,"Bauträger, Immobilienentwickler",134.0,Lippe I,Landesliste,
11005621,Ulrich Zons,1968-09-11,männlich,AfD,2025-03-25,,Rechtsanwalt,145.0,Soest,Landesliste,
11004873,Ulrike Schielke-Ziesing,1969-06-17,weiblich,AfD,2025-03-25,,"Deutsche Rentenversicherung, gehobener Dienst",17.0,Mecklenburgische Seenplatte II – Landkreis Rostock III,Direktwahl,
11004888,Uwe Schulz,1961-12-12,männlich,AfD,2025-03-25,,Leitender Angestellter,,,Landesliste,
11005565,Volker Scheurell,1967-01-01,männlich,AfD,2025-03-25,,"Tischler, Dachdecker",70.0,Anhalt – Dessau – Wittenberg,Direktwahl,
11004933,Wolfgang Wiehle,1964-10-20,männlich,AfD,2025-03-25,,Dipl.-Informatiker,218.0,München-Süd,Landesliste,
11004106,Agnes Malczak,1985-02-08,weiblich,Grünen,2025-03-25,,,294.0,Ravensburg,Landesliste,
11005011,Andreas Audretsch,1984-06-25,männlich,Grünen,2025-03-25,,Sozialwissenschaftler,81.0,Berlin-Neukölln,Landesliste,andreasaudretsch.de
11004245,Annalena Baerbock,1980-12-15,weiblich,Grünen,2025-03-25,,Völkerrechtlerin,61.0,Potsdam – Potsdam-Mittelmark II – Teltow-Fläming II,Landesliste,albaerbock.bsky.social
11005237,Awet Tesfaiesus,1974-10-05,weiblich,Grünen,2025-03-25,,Rechtsanwältin,168.0,Werra-Meißner – Hersfeld-Rotenburg,Landesliste,awettesfaiesus.bsky.social
11005405,Ayse Asar,1975-12-19,weiblich,Grünen,2025-03-25,,Rechtsanwältin,177.0,Rheingau-Taunus – Limburg,Landesliste,ayseasar.bsky.social
11005155,Boris Mijatović,1974-02-04,männlich,Grünen,2025-03-25,,Angestellter,167.0,Kassel,Landesliste,boris-mijatovic.bsky.social
11003764,Britta Haßelmann,1961-12-10,weiblich,Grünen,2025-03-24,,Sozialarbeiterin,131.0,Bielefeld – Gütersloh II,Landesliste,britta-hasselmann.de
11005111,Chantal Kopf,1995-03-20,weiblich,Grünen,2025-03-25,,Politikwissenschaftlerin,281.0,Freiburg,Direktwahl,chantalkopf.bsky.social
11004830,Claudia Müller,1981-08-10,weiblich,Grünen,2025-03-25,,Betriebswirtin,15.0,Vorpommern-Rügen – Vorpommern-Greifswald I,Landesliste,gruenclaudia.bsky.social
11003212,Claudia Roth,1955-05-15,weiblich,Grünen,2025-03-25,,,251.0,Augsburg-Stadt,Landesliste,claudiaroth.bsky.social
11004390,Corinna Rüffer,1975-10-11,weiblich,Grünen,2025-03-25,,Poltikerin,202.0,Trier,Landesliste,corinna-rueffer.de
11005045,Deborah Düring,1994-07-18,weiblich,Grünen,2025-03-25,,,181.0,Frankfurt am Main I,Landesliste,deborah-duering.de
11005133,Denise Loop,1994-05-19,weiblich,Grünen,2025-03-25,,Sozialarbeiterin,2.0,Nordfriesland – Dithmarschen Nord,Landesliste,
11005401,Dr. Alaa Alhamwi,1984-04-17,männlich,Grünen,2025-03-25,,Energieforscher,27.0,Oldenburg – Ammerland,Landesliste,alaa-alhamwi.bsky.social
11003585,Dr. Anna Lührmann,1983-06-14,weiblich,Grünen,2025-03-25,,Politikwissenschaftlerin,180.0,Main-Taunus,Landesliste,annaluehrmann.bsky.social‬
11003772,Dr. Anton Hofreiter,1970-02-02,männlich,Grünen,2025-03-25,,Biologe,220.0,München-Land,Landesliste,hofreiter.bsky.social‬
11004255,Dr. Franziska Brantner,1979-08-24,weiblich,Grünen,2025-03-25,,Sozialwissenschaftlerin,274.0,Heidelberg,Landesliste,franziskabrantner.de‬
11004353,Dr. Irene Mihalic,1976-11-17,weiblich,Grünen,2025-03-24,,Polizeibeamtin,122.0,Gelsenkirchen,Landesliste,irene-mihalic.de‬
11005065,Dr. Jan-Niclas Gesenhues,1990-02-12,männlich,Grünen,2025-03-25,,"Volkswirt, MdB",127.0,Steinfurt III,Landesliste,gesenhues.bsky.social‬
11004962,Dr. Janosch Dahmen,1981-09-06,männlich,Grünen,2025-03-25,,Arzt,138.0,Ennepe-Ruhr-Kreis II,Landesliste,janoschdahmenmdb.de‬
11004429,Dr. Julia Verlinden,1979-01-18,weiblich,Grünen,2025-03-25,,Dipl.-Umweltwissenschaftlerin,37.0,Lüchow-Dannenberg – Lüneburg,Landesliste,
11004773,Dr. Kirsten Kappert-Gonther,1966-11-03,weiblich,Grünen,2025-03-25,,Fachärztin für Psychatrie und Psychotherapie,54.0,Bremen I,Landesliste,kirstenkappert.bsky.social‬
11004123,Dr. Konstantin Notz,1971-01-21,männlich,Grünen,2025-03-25,,Rechtsanwalt,10.0,Herzogtum Lauenburg – Stormarn-Süd,Landesliste,
11005474,Dr. Lena Gumnior,1992-12-10,weiblich,Grünen,2025-03-25,,Juristin/Rechtsanwältin,34.0,Osterholz – Verden,Landesliste,
11005484,Dr. Moritz Heuberger,1991-02-11,männlich,Grünen,2025-03-25,,Verwaltungswissenschaftler,80.0,Berlin-Tempelhof-Schöneberg,Direktwahl,moritzheuberger.bsky.social‬
11005167,Dr. Ophelia Nick,1973-01-24,weiblich,Grünen,2025-03-25,,"Tierärztin, Bundestagsabgeordnete",104.0,Mettmann II,Landesliste,ophelia-nick.de‬
11005180,Dr. Paula Piechotta,1986-09-19,weiblich,Grünen,2025-03-25,,Ärztin,152.0,Leipzig II,Landesliste,paulapiechotta.de
11005074,Dr. Robert Habeck,1969-09-02,männlich,Grünen,2025-03-25,,Schriftsteller,1.0,Flensburg – Schleswig,Landesliste,robert-habeck.de‬
11005039,Dr. Sandra Detzer,1980-04-21,weiblich,Grünen,2025-03-25,,Politikwissenschaftlerin,265.0,Ludwigsburg,Landesliste,sandradetzer.bsky.social
11005201,Dr. Sebastian Schäfer,1979-07-11,männlich,Grünen,2025-03-25,,Wirtschaftswissenschaftler,261.0,Esslingen,Landesliste,
11005228,Dr. Till Steffen,1973-07-22,männlich,Grünen,2025-03-25,,Rechtsanwalt,20.0,Hamburg-Eimsbüttel,Direktwahl,tillsteffen.de‬
11005145,Dr. Zoe Mayer,1995-08-07,weiblich,Grünen,2025-03-25,,Doktorin der Ingenieurwissenschaften (Dr.-Ing.),271.0,Karlsruhe-Stadt,Direktwahl,zoegruene.bsky.social
11005016,Felix Banaszak,1989-10-24,männlich,Grünen,2025-03-25,,,115.0,Duisburg II,Landesliste,
11004857,Filiz Polat,1978-07-11,weiblich,Grünen,2025-03-25,,Dipl.-Volkswirtin,38.0,Osnabrück-Land,Landesliste,filiz-polat.de
11005230,Hanna Steinmüller,1993-04-09,weiblich,Grünen,2025-03-25,,Sozialwissenschaftlerin,74.0,Berlin-Mitte,Direktwahl,hanna-steinmueller.de
11004215,Harald Ebner,1964-07-08,männlich,Grünen,2025-03-25,,Agraringenieur,268.0,Schwäbisch Hall – Hohenlohe,Landesliste,ebnerharald.bsky.social
11005132,Helge Limburg,1982-10-25,männlich,Grünen,2025-03-25,,Dipl.-Jurist,46.0,Hameln-Pyrmont – Holzminden,Landesliste,helgelimburg.bsky.social
11005200,Jamila Schäfer,1993-04-30,weiblich,Grünen,2025-03-25,,Studentin der Soziologie,218.0,München-Süd,Landesliste,jamilaschaefer.bsky.social
11005440,Jeanne Dillschneider,1995-12-27,weiblich,Grünen,2025-03-25,,Rechtsanwältin,296.0,Saarbrücken,Landesliste,
11005248,Johannes Wagner,1991-08-01,männlich,Grünen,2025-03-25,,Arzt,237.0,Coburg,Landesliste,yoohannes.bsky.social
11005573,Julia Schneider,1990-03-05,weiblich,Grünen,2025-03-25,,Regierungsrätin a. D.,75.0,Berlin-Pankow,Direktwahl,
11005492,Julian Joswig,1993-10-14,männlich,Grünen,2025-03-25,,Wirtschaftswissenschaftler,199.0,Mosel/Rhein-Hunsrück,Landesliste,julianjo.bsky.social
11005017,Karl Bär,1985-03-13,männlich,Grünen,2025-03-25,,Agrarökonom,222.0,Bad Tölz-Wolfratshausen – Miesbach,Landesliste,karlbaer.bsky.social
11005172,Karoline Otte,1996-09-11,weiblich,Grünen,2025-03-25,,Kreisinspektorin,52.0,Goslar – Northeim – Göttingen II,Landesliste,
11005197,Kassem Taher Saleh,1993-06-01,männlich,Grünen,2025-03-25,,Bauingenieur,158.0,Dresden I,Landesliste,kassemtahersaleh.bsky.social
11005019,Katharina Beck,1982-04-13,weiblich,Grünen,2025-03-25,,Unternehmensberaterin für Nachhaltigkeit,21.0,Hamburg-Nord,Landesliste,katharinabeck.bsky.social
11004263,Katharina Dröge,1984-09-16,weiblich,Grünen,2025-03-24,,Volkswirtin,94.0,Köln III,Direktwahl,katharinadroege.bsky.social
11003132,Katrin Dagmar Göring-Eckardt,1966-05-03,weiblich,Grünen,2025-03-25,,MdB,192.0,Erfurt – Weimar – Weimarer Land II,Landesliste,
11005242,Katrin Uhlig,1982-07-05,weiblich,Grünen,2025-03-25,,Dipl.-Kulturwirtin,95.0,Bonn,Landesliste,katrinuhlig.bsky.social
11005095,Lamya Kaddor,1978-06-11,weiblich,Grünen,2025-03-25,,"Islamwissenschaftlerin, Lehrerin für islamischen Religionsunterricht, Publizistin",114.0,Duisburg I,Landesliste,lamyakaddor.bsky.social
11005047,Leon Eckert,1995-04-09,männlich,Grünen,2025-03-25,,Kommunalreferent,213.0,Freising,Landesliste,leon-eckert.de
11005078,Linda Heitmann,1982-08-02,weiblich,Grünen,2025-03-25,,Geschäftsführung in der Suchtkrankenhilfe,19.0,Hamburg-Altona,Direktwahl,linda-altona.bsky.social
11004659,Lisa Badum,1983-10-02,weiblich,Grünen,2025-03-25,,Politikwissenschaftlerin,235.0,Bamberg,Landesliste,lisa-badum.de
11004127,Lisa Paus,1968-09-19,weiblich,Grünen,2025-03-25,,,79.0,Berlin-Charlottenburg-Wilmersdorf,Landesliste,lisapaus.bsky.social
11004243,Luise Amtsberg,1984-10-17,weiblich,Grünen,2025-03-25,,,5.0,Kiel,Direktwahl,luiseamtsberg.bsky.social
11005022,Lukas Benner,1996-02-20,männlich,Grünen,2025-03-25,,Jurist,86.0,Aachen I,Landesliste,noraschulte.bsky.social
11004969,Marcel Emmerich,1991-05-12,männlich,Grünen,2025-03-25,,Wissenschaftlicher Referent,291.0,Ulm,Landesliste,herremmerich.bsky.social
11005212,Marlene Schönberger,1990-12-06,weiblich,Grünen,2025-03-25,,Politikwissenschaftlerin (M. A.),229.0,Rottal-Inn,Landesliste,marleneschonberger.bsky.social
11004278,Matthias Gastel,1970-12-26,männlich,Grünen,2025-03-25,,,262.0,Nürtingen,Landesliste,matthias-gastel.de
11005134,Max Lucks,1997-04-19,männlich,Grünen,2025-03-25,,Sozialwissenschaftler (B.A.),139.0,Bochum I,Landesliste,
11005102,Michael Kellner,1977-05-08,männlich,Grünen,2025-03-25,,Politiker,57.0,Uckermark – Barnim I,Landesliste,mikellner.bsky.social
11005104,Misbah Khan,1989-12-04,weiblich,Grünen,2025-03-25,,,207.0,Neustadt – Speyer,Landesliste,misbahkhan.bsky.social
11005245,Niklas Wagener,1998-04-16,männlich,Grünen,2025-03-25,,Abgeordneter,246.0,Aschaffenburg,Landesliste,niklaswagener.bsky.social
11005224,Nyke Slawik,1994-01-07,weiblich,Grünen,2025-03-25,,Bundestagsabgeordnete,100.0,Leverkusen – Köln IV,Landesliste,nykeslawik.bsky.social
11003881,Omid Nouripour,1975-06-18,männlich,Grünen,2025-03-25,,"Selbstständiger Berater (Tätigkeit ruht, solange MdB)",182.0,Frankfurt am Main II,Landesliste,nouripour.bsky.social
11005187,Prof. Dr. Anja Reinalter,1970-05-01,weiblich,Grünen,2025-03-25,,Professorin für Soziale Arbeit,292.0,Biberach,Landesliste,anjareinalter.bsky.social‬
11005070,Prof. Dr. Armin Grau,1959-03-18,männlich,Grünen,2025-03-25,,Arzt,206.0,Ludwigshafen/Frankenthal,Landesliste,armingrau.bsky.social‬
11005519,Rebecca Lenhard,1995-05-24,weiblich,Grünen,2025-03-25,,IT-Beraterin,243.0,Nürnberg-Nord,Landesliste,rebecca-lenhard.bsky.social
11005121,Ricarda Lang,1994-01-17,weiblich,Grünen,2025-03-25,,Abgeordnete,269.0,Backnang – Schwäbisch Gmünd,Landesliste,ricardalang.bsky.social
11005246,Robin Wagener,1980-08-16,männlich,Grünen,2025-03-25,,Richter,134.0,Lippe I,Landesliste,robinwagener.bsky.social
11005584,Sandra Stein,1986-10-22,weiblich,Grünen,2025-03-25,,Unternehmerin,146.0,Hochsauerlandkreis,Landesliste,sandrastein.bsky.social
11005164,Sara Nanni,1987-05-29,weiblich,Grünen,2025-03-25,,Friedens- und Konfliktforscherin,106.0,Düsseldorf II,Landesliste,sarananni.bsky.social
11005162,Sascha Müller,1970-04-24,männlich,Grünen,2025-03-25,,Sportjournalist,244.0,Nürnberg-Süd,Landesliste,
11005059,Schahina Gambir,1991-06-06,weiblich,Grünen,2025-03-25,,,133.0,Minden-Lübbecke I,Landesliste,schahinagambir.bsky.social
11005459,Simone Fischer,1979-06-24,weiblich,Grünen,2025-03-25,,Beamtin,258.0,Stuttgart I,Direktwahl,simonefischer258.bsky.social
11004877,Stefan Schmidt,1981-05-19,männlich,Grünen,2025-03-25,,Lehrer,232.0,Regensburg,Landesliste,stefanschmidt.bsky.social
11002720,Steffi Lemke,1968-01-19,weiblich,Grünen,2025-03-25,,Dipl.-Agraringenieurin,70.0,Anhalt – Dessau – Wittenberg,Landesliste,steffi-lemke.de
11004801,Sven Lehmann,1979-12-04,männlich,Grünen,2025-03-25,,,93.0,Köln II,Direktwahl,sven-lehmann.eu
11005152,Swantje Henrike Michaelsen,1979-10-04,weiblich,Grünen,2025-03-25,,Historikerin M. A.,42.0,Stadt Hannover II,Landesliste,
11005556,Sylvia Rietenberg,1965-07-20,weiblich,Grünen,2025-03-25,,Dipl.-Sozialarbeiterin,128.0,Münster,Direktwahl,
11005402,Tarek Al-Wazir,1971-01-03,männlich,Grünen,2025-03-25,,Dipl.-Politologe,184.0,Offenbach,Landesliste,
11005445,Timon Dzienus,1996-05-25,männlich,Grünen,2025-03-25,,Politikwissenschaftler,41.0,Stadt Hannover I,Landesliste,dzienus.bsky.social
11005259,Tina Winklmann,1980-02-26,weiblich,Grünen,2025-03-25,,Verfahrensmechanikerin für Kunststoff- und Kautschuktechnik,233.0,Schwandorf,Landesliste,
11004395,Ulle Schauws,1966-04-30,weiblich,Grünen,2025-03-25,,Film- und Fernsehwissenschaftlerin,113.0,Krefeld II – Wesel II,Landesliste,ulleschauws.bsky.social
11005432,Victoria Broßart,1992-09-24,weiblich,Grünen,2025-03-25,,Ingenieurin,221.0,Rosenheim,Landesliste,victoriabrossart.bsky.social
11005598,Aaron Valent,1997-03-14,männlich,Die LINKE,2025-03-25,,Ausbildung zum Rechtsanwaltsfachangestellten,250.0,Würzburg,Landesliste,
11005437,Agnes Conrad,1997-10-29,weiblich,Die LINKE,2025-03-25,,Konzernbetriebsratsreferentin,249.0,Schweinfurt,Landesliste,
11005617,Anne Zerr,1993-07-21,weiblich,Die LINKE,2025-03-25,,Gewerkschaftssekretärin,289.0,Reutlingen,Landesliste,
11005430,Anne-Mieke Bremer,1991-10-31,weiblich,Die LINKE,2025-03-25,,Sozialarbeiterin,40.0,Nienburg II – Schaumburg,Landesliste,koffeinpiratin.dielinkebt.de
11005073,Ates Gürpinar,1984-09-25,männlich,Die LINKE,2025-03-25,,,221.0,Rosenheim,Landesliste,atesguerpinar.dielinkebt.de
11003824,Bodo Ramelow,1956-02-16,männlich,Die LINKE,2025-03-25,,Kaufmann,192.0,Erfurt – Weimar – Weimarer Land II,Direktwahl,bodoramelow.bsky.social
11005505,Cansin Köktürk,1993-06-13,weiblich,Die LINKE,2025-03-25,,Sozialarbeiterin,139.0,Bochum I,Landesliste,
11005538,Cansu Özdemir,1988-09-08,weiblich,Die LINKE,2025-03-25,,,,,Landesliste,
11004088,Caren Lay,1972-12-11,weiblich,Die LINKE,2025-03-25,,Dipl.-Soziologin,155.0,Bautzen I,Landesliste,carenlay.bsky.social
11005490,Cem Ince,1993-12-09,männlich,Die LINKE,2025-03-25,,Elektroniker für Automatisierungstechnik,49.0,Salzgitter – Wolfenbüttel,Landesliste,
11005534,Charlotte Antonia Neuhäuser,1998-11-25,weiblich,Die LINKE,2025-03-25,,Studentin,136.0,Paderborn,Landesliste,
11005067,Christian Görke,1962-03-17,männlich,Die LINKE,2025-03-25,,Lehrer für Sport und Geschichte,64.0,Cottbus – Spree-Neiße,Landesliste,christiangoerke.dielinkebt.de
11005611,Christin Willnat,1986-04-03,weiblich,Die LINKE,2025-03-25,,Übersetzerin und Integrationshelferin,60.0,BRB a.d.Havel– Potsdam-MittelmarkI –HVL III–Teltow-Fläming I,Landesliste,
11005289,Clara Bünger,1986-07-04,weiblich,Die LINKE,2025-03-25,,Volljuristin,159.0,Dresden II – Bautzen II,Landesliste,clarabuenger.bsky.social
11005568,David Schliesing,1983-01-26,männlich,Die LINKE,2025-03-25,,"Schauspieldramaturg, Audioredakteur",67.0,Börde – Salzlandkreis,Landesliste,
11005411,Desiree Becker,1994-01-27,weiblich,Die LINKE,2025-03-25,,Gewerkschaftssekretärin,172.0,Gießen,Landesliste,
11005601,Donata Vogtschmidt,1998-02-24,weiblich,Die LINKE,2025-03-25,,Staatswissenschaftlerin,188.0,Eichsfeld – Nordhausen – Kyffhäuserkreis,Landesliste,donatavogtschmidt.bsky.social
11004651,Doris Achelwilm,1976-11-30,weiblich,Die LINKE,2025-03-25,,Sprachwissenschaftlerin (M.A.),54.0,Bremen I,Landesliste,dorisachelwilm.bsky.social
11003034,Dr. Dietmar Bartsch,1958-03-31,männlich,Die LINKE,2025-03-25,,Wirtschaftswissenschaftler,14.0,Rostock – Landkreis Rostock II,Landesliste,dietmarbartsch.bsky.social‬
11005453,Dr. Fabian Fahl,1993-03-20,männlich,Die LINKE,2025-03-25,,Wissenschaftlicher Mitarbeiter,86.0,Aachen I,Landesliste,
11000756,Dr. Gregor Gysi,1948-01-16,männlich,Die LINKE,2025-03-25,,Rechtsanwalt,83.0,Berlin-Treptow-Köpenick,Direktwahl,
11005403,Dr. Michael Arndt,1964-03-18,männlich,Die LINKE,2025-03-25,,Arzt,299.0,Homburg,Landesliste,
11005575,Evelyn Schötz,1961-06-30,weiblich,Die LINKE,2025-03-25,,Altenpflegerin,245.0,Roth,Landesliste,
11005501,Ferat Koçak,1979-05-26,männlich,Die LINKE,2025-03-25,,Dipl.-Wirtschaftswissenschaftler,81.0,Berlin-Neukölln,Direktwahl,feratkocak.dielinkebt.de
11005595,Gerhard Trabert,1956-07-03,männlich,Die LINKE,2025-03-25,,,204.0,Mainz,Landesliste,
11004653,Gökay Akbulut,1982-11-16,weiblich,Die LINKE,2025-03-25,,Sozialwissenschaftlerin,275.0,Mannheim,Landesliste,goekayakbulut.bsky.social
11005186,Heidi Reichinnek,1988-04-19,weiblich,Die LINKE,2025-03-25,,pädagigische Mitarbeiterin in der Jugendhilfe,39.0,Stadt Osnabrück,Landesliste,heidireichinnek.dielinkebt.de
11005123,Ina Latendorf,1971-06-26,weiblich,Die LINKE,2025-03-25,,Juristin und Facharbeiterin für Pflanzenproduktion,12.0,Schwerin – Ludwigslust-Parchim I – Nordwestmecklenburg I,Landesliste,
11005580,Ines Schwerdtner,1989-08-26,weiblich,Die LINKE,2025-03-25,,"Journalistin, Publizistin",85.0,Berlin-Lichtenberg,Direktwahl,inesschwerdtner.bsky.social
11005599,Isabelle Vandre,1989-07-27,weiblich,Die LINKE,2025-03-25,,Politikwissenschaftlerin,61.0,Potsdam – Potsdam-Mittelmark II – Teltow-Fläming II,Landesliste,isavandre.bsky.social
11004001,Jan Aken,1961-05-01,männlich,Die LINKE,2025-03-25,,Biologe,,,Landesliste,janvanaken.dielinkebt.de
11005511,Jan Köstering,1997-10-22,männlich,Die LINKE,2025-03-25,,KFZ-Mechatroniker,98.0,Oberbergischer Kreis,Landesliste,jan-koestering.de
11005427,Janina Böttger,1982-04-04,weiblich,Die LINKE,2025-03-25,,Europäische Dipl.-Verwaltungsmanagerin,71.0,Halle,Landesliste,
11005260,Janine Wissler,1981-05-23,weiblich,Die LINKE,2025-03-25,,Dipl.-Politikwissenschaftlerin,181.0,Frankfurt am Main I,Landesliste,janinewissler.bsky.social
11005426,Jorrit Bosch,1997-09-08,männlich,Die LINKE,2025-03-25,,,,,Landesliste,jorritbosch.dielinkebt.de
11005583,Julia-Christina Stange,1978-04-25,weiblich,Die LINKE,2025-03-25,,Fachkinderkrankenschwester,205.0,Worms,Landesliste,
11004693,Jörg Cezanne,1958-06-08,männlich,Die LINKE,2025-03-25,,"Verbandsgeschäftsführer, Soziologe",183.0,Groß-Gerau,Landesliste,
11005466,Katalin Gennburg,1984-03-05,weiblich,Die LINKE,2025-03-25,,,84.0,Berlin-Marzahn-Hellersdorf,Landesliste,
11005464,Kathrin Gebel,1997-04-05,weiblich,Die LINKE,2025-03-25,,,128.0,Münster,Landesliste,
11005457,Katrin Fey,1967-12-07,weiblich,Die LINKE,2025-03-25,,Dipl.-Sozialpädagogin,147.0,Siegen-Wittgenstein,Landesliste,
11005554,Lea Reisner,1989-03-09,weiblich,Die LINKE,2025-03-25,,Gesundheits- und Krankenpflegerin,93.0,Köln II,Landesliste,leali.bsky.social
11004672,Lorenz Gösta Beutin,1978-07-18,männlich,Die LINKE,2025-03-25,,"Historiker, Angestellter",1.0,Flensburg – Schleswig,Landesliste,lgbeutin.bsky.social
11005539,Luigi Pantisano,1979-07-28,männlich,Die LINKE,2025-03-25,,"Stadtplaner, Architekt",258.0,Stuttgart I,Landesliste,luigipantisano.bsky.social
11005489,Luke Hoß,2001-09-03,männlich,Die LINKE,2025-03-25,,,228.0,Passau,Landesliste,luke-hoss.de
11005434,Maik Brückner,1992-06-16,männlich,Die LINKE,2025-03-25,,Mediengestalter,48.0,Hildesheim,Landesliste,maikbrueckner.bsky.social
11005450,Mandy Eißing,1976-08-31,weiblich,Die LINKE,2025-03-25,,Friseurin,194.0,Saalfeld-Rudolstadt – Saale-Holzland-Kreis – Saale-Orla-Kreis,Landesliste,
11005409,Marcel Bauer,1992-04-30,männlich,Die LINKE,2025-03-25,,Forstwirt,271.0,Karlsruhe-Stadt,Landesliste,
11005482,Mareike Hermeier,1989-08-17,weiblich,Die LINKE,2025-03-25,,Kauffrau im Großhandel,123.0,Steinfurt I – Borken I,Landesliste,
11005494,Maren Kaminski,1979-02-15,weiblich,Die LINKE,2025-03-25,,Gewerkschaftssekretärin,42.0,Stadt Hannover II,Landesliste,marenkaminski.dielinkebt.de
11005448,Mirze Edis,1972-01-01,männlich,Die LINKE,2025-03-25,,Betriebsratsmitglied,114.0,Duisburg I,Landesliste,
11004041,Nicole Gohlke,1975-11-15,weiblich,Die LINKE,2025-03-25,,Sozialwissenschaftlerin,219.0,München-West/Mitte,Landesliste,nicolegohlke.bsky.social
11004819,Pascal Meiser,1975-03-07,männlich,Die LINKE,2025-03-25,,Dipl.-Politikwissenschaftler,82.0,Berlin-Friedrichshain-Kreuzberg – Prenzlauer Berg Ost,Direktwahl,pascalmeiser.bsky.social
11005530,Sahra Mirow,1984-01-10,weiblich,Die LINKE,2025-03-25,,wissenschaftliche Mitarbeiterin,274.0,Heidelberg,Landesliste,
11005603,Sarah Vollath,1995-12-26,weiblich,Die LINKE,2025-03-25,,Sozialarbeiterin (FH),215.0,Ingolstadt,Landesliste,
11005604,Sascha Wagner,1980-05-23,männlich,Die LINKE,2025-03-25,,Angestellter,116.0,Oberhausen – Wesel III,Landesliste,saschahwagner.bsky.social
11005518,Sonja Lemke,1991-11-22,weiblich,Die LINKE,2025-03-25,,Informatikerin,142.0,Dortmund II,Landesliste,sonjalemke.dielinkebt.de
11005527,Stella Merendino,1994-04-08,weiblich,Die LINKE,2025-03-25,,Gesundheits- und Krankenpflegerin,74.0,Berlin-Mitte,Landesliste,
11004848,Sören Pellmann,1977-02-11,männlich,Die LINKE,2025-03-25,,Grund- und Förderschullehrer,152.0,Leipzig II,Direktwahl,pellmann.dielinkebt.de
11005525,Tamara Mazzi,1992-01-13,weiblich,Die LINKE,2025-03-25,,Lehrerin,5.0,Kiel,Landesliste,tamaramazzi.dielinkebt.de
11005594,Ulrich Thoden,1973-05-16,männlich,Die LINKE,2025-03-25,,Lehrer am Berufskolleg,127.0,Steinfurt III,Landesliste,ulrichthoden.bsky.social
11005460,Uwe Foullong,1957-09-29,männlich,Die LINKE,2025-03-25,,Dipl.-Kaufmann,124.0,Bottrop – Recklinghausen III,Landesliste,
11005467,Vinzenz Glaser,1992-08-15,männlich,Die LINKE,2025-03-25,,Sozialarbeiter,281.0,Freiburg,Landesliste,vinzenzglaser.dielinkebt.de
11005421,Violetta Bock,1987-12-11,weiblich,Die LINKE,2025-03-25,,,167.0,Kassel,Landesliste,
11005562,Zada Salihović,2000-03-28,weiblich,Die LINKE,2025-03-25,,"Kauffrau für Büromanagement, Gewerkschaftsmitarbeiterin",,,Landesliste,zadasalihovic.dielinkebt.de
11005470,Adrian Grasse,1975-01-20,männlich,CDU/CSU,2025-03-25,,"Industriekaufmann, Dipl.-Kaufmann",78.0,Berlin-Steglitz-Zehlendorf,Direktwahl,
11003620,Albert Rupprecht,1968-06-10,männlich,CDU/CSU,2025-03-25,,Dipl.-Volkswirt,234.0,Weiden,Direktwahl,
11004415,Albert Stegemann,1976-03-09,männlich,CDU/CSU,2025-03-25,,Landwirtschaftsmeister,31.0,Mittelems,Direktwahl,
11003516,Alexander Dobrindt,1970-06-07,männlich,CDU/CSU,2025-03-25,,Dipl.-Soziologe,225.0,Weilheim,Direktwahl,
11005050,Alexander Engelhard,1972-09-26,männlich,CDU/CSU,2025-03-25,,"Müller, Dipl.-Wirtschaftsingenieur (FH)",254.0,Neu-Ulm,Direktwahl,
11004304,Alexander Hoffmann,1975-03-06,männlich,CDU/CSU,2025-03-25,,Jurist,248.0,Main-Spessart,Direktwahl,
11005491,Alexander Jordan,1981-11-21,männlich,CDU/CSU,2025-03-25,,Dipl.-Ingenieur (FH) Elektrotechnik / Informationstechnik,51.0,Helmstedt – Wolfsburg,Direktwahl,
11004383,Alexander Radwan,1964-08-30,männlich,CDU/CSU,2025-03-25,,Rechtsanwalt,222.0,Bad Tölz-Wolfratshausen – Miesbach,Direktwahl,
11004917,Alexander Throm,1968-09-08,männlich,CDU/CSU,2025-03-25,,Rechtsanwalt,267.0,Heilbronn,Direktwahl,
11004384,Alois Rainer,1965-01-07,männlich,CDU/CSU,2025-03-25,,Metzgermeister,230.0,Straubing,Direktwahl,
11004342,Andrea Lindholz,1970-09-25,weiblich,CDU/CSU,2025-03-25,,"Rechtsanwältin, Fachanwältin für Familienrecht",246.0,Aschaffenburg,Direktwahl,
11003780,Andreas Jung,1975-05-13,männlich,CDU/CSU,2025-03-25,,Rechtsanwalt,287.0,Konstanz,Direktwahl,
11004108,Andreas Mattfeldt,1969-09-28,männlich,CDU/CSU,2025-03-25,,Industriekaufmann,34.0,Osterholz – Verden,Direktwahl,
11004323,Anja Karliczek,1971-04-29,weiblich,CDU/CSU,2025-03-25,,"Dipl.-Kauffrau, Hotelfachfrau, Bankkauffrau",127.0,Steinfurt III,Direktwahl,
11005400,Anna Aeikens,1998-08-15,weiblich,CDU/CSU,2025-03-25,,Selbständige Agrarökonomin,67.0,Börde – Salzlandkreis,Landesliste,
11005093,Anne Janssen,1982-08-31,weiblich,CDU/CSU,2025-03-25,,"Krankenschwester, Lehrerin",26.0,Friesland – Wilhelmshaven – Wittmund,Landesliste,
11005110,Anne König,1984-12-04,weiblich,CDU/CSU,2025-03-25,,Gesamtschulrektorin,125.0,Borken II,Direktwahl,
11004056,Ansgar Heveling,1972-07-03,männlich,CDU/CSU,2025-03-25,,Ministerialbeamter (Oberregierungsrat a. D.),109.0,Krefeld I – Neuss II,Direktwahl,
11002718,Armin Laschet,1961-02-18,männlich,CDU/CSU,2025-03-25,,Ministerpräsident a. D.,86.0,Aachen I,Direktwahl,
11003706,Artur Auernhammer,1963-03-09,männlich,CDU/CSU,2025-03-25,,Landwirtschaftsmeister,240.0,Ansbach,Direktwahl,
11004425,Astrid Timmermann-Fechter,1963-06-22,weiblich,CDU/CSU,2025-03-25,,Bundestagsabgeordnete,117.0,Mülheim – Essen I,Landesliste,
11004073,Axel Knoerig,1967-03-01,männlich,CDU/CSU,2025-03-25,,Kommunal- und Politikwissenschaftler,33.0,Diepholz – Nienburg I,Direktwahl,
11004829,Axel Müller,1963-07-24,männlich,CDU/CSU,2025-03-25,,Vorsitzender Richter am Landgericht a. D.,294.0,Ravensburg,Direktwahl,
11005451,Bastian Ernst,1987-01-30,männlich,CDU/CSU,2025-03-25,,Betriebswirt,28.0,Delmenhorst – Wesermarsch – Oldenburg-Land,Direktwahl,
11005435,Benedikt Büdenbender,1989-07-31,männlich,CDU/CSU,2025-03-25,,Kommunikationsberater,147.0,Siegen-Wittgenstein,Direktwahl,
11004893,Björn Simon,1981-05-18,männlich,CDU/CSU,2025-03-25,,"Politologe, Magister Artium (M.A.)",184.0,Offenbach,Direktwahl,
11005563,Carl-Philipp Sassenrath,1990-02-26,männlich,CDU/CSU,2025-03-25,,"Volljurist, Ministerialbeamter",107.0,Neuss I,Direktwahl,
11005425,Caroline Bosbach,1989-11-27,weiblich,CDU/CSU,2025-03-25,,Wirtschaftswissenschaftlerin/Regulierungsmanagerin,99.0,Rheinisch-Bergischer Kreis,Direktwahl,
11004332,Carsten Körber,1979-06-11,männlich,CDU/CSU,2025-03-25,,"Betriebswirt, Politikwissenschaftler",164.0,Zwickau,Landesliste,
11003815,Carsten Müller,1970-05-08,männlich,CDU/CSU,2025-03-25,,"Bankkaufmann, Rechtsanwalt",50.0,Braunschweig,Landesliste,
11005198,Catarina Santos Firnhaber,1994-07-08,weiblich,CDU/CSU,2025-03-25,,Rechtsanwältin,87.0,Aachen II,Direktwahl,
11004286,Christian Haase,1966-05-06,männlich,CDU/CSU,2025-03-25,,Dipl.-Verwaltungswirt,135.0,Höxter – Gütersloh III – Lippe II,Direktwahl,
11003890,Christian Hirte,1976-05-23,männlich,CDU/CSU,2025-03-25,,"Rechtsanwalt, Fachanwalt für Steuerrecht",189.0,Eisenach – Wartburgkreis – Unstrut-Hainich-Kreis,Landesliste,
11005533,Christian Moser,1989-11-14,männlich,CDU/CSU,2025-03-25,,"Jurist, Nebenerwerbslandwirt",213.0,Freising,Direktwahl,
11003639,Christian Stetten,1970-07-24,männlich,CDU/CSU,2025-03-25,,selbständiger Kaufmann,268.0,Schwäbisch Hall – Hohenlohe,Direktwahl,
11005235,Christina Stumpp,1987-11-16,weiblich,CDU/CSU,2025-03-25,,Verwaltungswirtin und Steuerrechtlerin LL.B.,264.0,Waiblingen,Direktwahl,
11005461,Christoph Frauenpreiß,1984-11-15,männlich,CDU/CSU,2025-03-25,,Dipl.-Bankbetriebswirt (FS),29.0,Cuxhaven – Stade II,Direktwahl,
11004926,Christoph Vries,1974-12-04,männlich,CDU/CSU,2025-03-25,,"Dipl.-Soziologe, ltd. Angestellter",18.0,Hamburg-Mitte,Landesliste,
11005506,Daniel Kölbl,1993-10-29,männlich,CDU/CSU,2025-03-25,,"Bankkaufmann, Abteilungsdirektor",7.0,Pinneberg,Direktwahl,
11003613,Daniela Raab,1975-07-07,weiblich,CDU/CSU,2025-03-25,,Juristin,221.0,Rosenheim,Direktwahl,
11005471,David Gregosz,1983-10-10,männlich,CDU/CSU,2025-03-25,,Unternehmer,188.0,Eichsfeld – Nordhausen – Kyffhäuserkreis,Landesliste,
11004152,Detlef Seif,1962-08-15,männlich,CDU/CSU,2025-03-25,,Rechtsanwalt,91.0,Euskirchen – Rhein-Erft-Kreis II,Direktwahl,
11005481,Diana Herbstreuth,1981-02-27,weiblich,CDU/CSU,2025-03-25,,Berufssoldatin,194.0,Saalfeld-Rudolstadt – Saale-Holzland-Kreis – Saale-Orla-Kreis,Landesliste,
11004168,Dieter Stier,1964-06-29,männlich,CDU/CSU,2025-03-25,,"Zootechniker/Mechanisator, Dipl.-Ing.agr., Pferdewirtschaftsmeister",72.0,Burgenland – Saalekreis,Landesliste,
11003586,Dorothee Mantel,1978-04-19,weiblich,CDU/CSU,2025-03-25,,Diplom-Politologin,247.0,Bad Kissingen,Direktwahl,
11004339,Dr. Andreas Lenz,1981-04-23,männlich,CDU/CSU,2025-03-25,,Dipl.-Betriebswirt (FH),212.0,Erding – Ebersberg,Direktwahl,
11004440,Dr. Anja Weisgerber,1976-03-11,weiblich,CDU/CSU,2025-03-25,,Rechtsanwältin,249.0,Schweinfurt,Direktwahl,
11004684,Dr. Carsten Brodesser,1967-09-05,männlich,CDU/CSU,2025-03-25,,Ltd. Angestellter,98.0,Oberbergischer Kreis,Direktwahl,
11004098,Dr. Carsten Linnemann,1977-08-10,männlich,CDU/CSU,2025-03-25,,Volkswirt,136.0,Paderborn,Direktwahl,
11005205,Dr. Christiane Schenderlein,1981-10-17,weiblich,CDU/CSU,2025-03-25,,Politikwissenschaftlerin,150.0,Nordsachsen,Landesliste,
11004854,Dr. Christoph Ploß,1985-07-19,männlich,CDU/CSU,2025-03-25,,Historiker,21.0,Hamburg-Nord,Direktwahl,
11005407,Dr. Cornell-Anette Babendererde,1971-03-01,weiblich,CDU/CSU,2025-03-25,,Historikerin,36.0,Harburg,Direktwahl,
11005546,Dr. David Preisendanz,1984-01-04,männlich,CDU/CSU,2025-03-25,,Rechtsanwalt,261.0,Esslingen,Direktwahl,
11005441,Dr. Florian Dorn,1986-05-24,männlich,CDU/CSU,2025-03-25,,Volkswirt,255.0,Memmingen – Unterallgäu,Direktwahl,
11004327,Dr. Georg Kippels,1959-09-21,männlich,CDU/CSU,2025-03-25,,Rechtsanwalt,90.0,Rhein-Erft-Kreis I,Direktwahl,
11004305,Dr. Hendrik Hoppenstedt,1972-06-14,männlich,CDU/CSU,2025-03-25,,"Jurist, Staatsminister a. D., Bürgermeister a. D.",43.0,Hannover-Land I,Direktwahl,
11005444,Dr. Hülya Düber,1978-07-05,weiblich,CDU/CSU,2025-03-25,,Sozialreferentin / rechtskundige berufsmäßige Stadträtin,250.0,Würzburg,Direktwahl,
11005069,Dr. Ingeborg Gräßle,1961-03-02,weiblich,CDU/CSU,2025-03-25,,Journalistin,269.0,Backnang – Schwäbisch Gmünd,Direktwahl,
11004100,Dr. Jan-Marco Luczak,1975-10-02,männlich,CDU/CSU,2025-03-25,,Rechtsanwalt,80.0,Berlin-Tempelhof-Schöneberg,Landesliste,
11004182,Dr. Johann Wadephul,1963-02-10,männlich,CDU/CSU,2025-03-25,,Rechtsanwalt,4.0,Rendsburg-Eckernförde,Direktwahl,aussenminister.diplo.de‬
11005063,Dr. Jonas Geissler,1984-06-05,männlich,CDU/CSU,2025-03-25,,Regierungsrat a. D.,237.0,Coburg,Direktwahl,
11005587,Dr. Katja Strauss-Köster,1970-08-19,weiblich,CDU/CSU,2025-03-25,,"Bürgermeisterin (2009-2025), Dr.-Ing. Raumplanerin",138.0,Ennepe-Ruhr-Kreis II,Direktwahl,
11005257,Dr. Klaus Wiener,1962-08-21,männlich,CDU/CSU,2025-03-25,,Volkswirt,103.0,Mettmann I,Direktwahl,
11005510,Dr. Konrad Körner,1992-04-27,männlich,CDU/CSU,2025-03-25,,Rechtsanwalt,241.0,Erlangen,Direktwahl,
11005254,Dr. Maria-Lena Weiss,1981-04-04,weiblich,CDU/CSU,2025-03-25,,Rechtsanwältin,285.0,Rottweil – Tuttlingen,Direktwahl,
11005185,Dr. Markus Reichel,1968-07-15,männlich,CDU/CSU,2025-03-25,,"Dipl.-Mathematiker, Geschäftsführer",158.0,Dresden I,Landesliste,
11005033,Dr. Marlon Bröhr,1974-04-03,männlich,CDU/CSU,2025-03-25,,"Zahnarzt, Landrat a. D.",199.0,Mosel/Rhein-Hunsrück,Direktwahl,
11005182,Dr. Martin Plum,1982-02-26,männlich,CDU/CSU,2025-03-25,,Richter a. D.,110.0,Viersen,Direktwahl,
11004110,Dr. Mathias Middelberg,1964-12-14,männlich,CDU/CSU,2025-03-25,,Volljurist,39.0,Stadt Osnabrück,Direktwahl,
11002733,Dr. Michael Meister,1961-06-09,männlich,CDU/CSU,2025-03-25,,Dipl.-Mathematiker,187.0,Bergstraße,Direktwahl,
11002765,Dr. Norbert Röttgen,1965-07-02,männlich,CDU/CSU,2025-03-25,,Rechtsanwalt,97.0,Rhein-Sieg-Kreis II,Direktwahl,nroettgen.bsky.social‬
11005244,Dr. Oliver Vogt,1977-07-15,männlich,CDU/CSU,2025-03-25,,"Dipl.-Physiker, Gymnasiallehrer",133.0,Minden-Lübbecke I,Direktwahl,
11005106,Dr. Ottilie Klein,1984-02-14,weiblich,CDU/CSU,2025-03-25,,Abteilungsdirektorin,81.0,Berlin-Neukölln,Landesliste,
11004018,Dr. Reinhard Brandl,1977-08-01,männlich,CDU/CSU,2025-03-25,,Dipl.-Wirtschaftsingenieur,215.0,Ingolstadt,Direktwahl,
11004954,Dr. Saskia Ludwig,1968-05-23,weiblich,CDU/CSU,2025-03-25,,Dipl.-Kauffrau,60.0,BRB a.d.Havel– Potsdam-MittelmarkI –HVL III–Teltow-Fläming I,Landesliste,
11004336,Dr. Silke Launert,1976-12-27,weiblich,CDU/CSU,2025-03-25,,Richterin am Landgericht a. D.,236.0,Bayreuth,Direktwahl,
11005508,Dr. Stefan Korbach,1958-03-16,männlich,CDU/CSU,2025-03-25,,Dipl.-Kaufmann,178.0,Wiesbaden,Direktwahl,
11005163,Dr. Stefan Nacke,1976-01-27,männlich,CDU/CSU,2025-03-25,,"Soziologe, Sozialethiker",128.0,Münster,Landesliste,
11004853,Dr. Stephan Pilsinger,1987-02-17,männlich,CDU/CSU,2025-03-25,,Hausarzt,219.0,München-West/Mitte,Direktwahl,
11004038,Dr. Thomas Gebhart,1971-12-20,männlich,CDU/CSU,2025-03-25,,"Magister (Politikwissenschaft, Betriebswirtschaftslehre)",210.0,Südpfalz,Direktwahl,
11005542,Dr. Thomas Pauls,1986-10-03,männlich,CDU/CSU,2025-03-25,,,176.0,Wetterau I,Direktwahl,
11004414,Dr. Wolfgang Stefinger,1985-04-20,männlich,CDU/CSU,2025-03-25,,Betriebswirt,217.0,München-Ost,Direktwahl,
11005035,Dr. Yannick Bury,1990-03-11,männlich,CDU/CSU,2025-03-25,,Volkswirt,283.0,Emmendingen – Lahr,Direktwahl,
11003865,Elisabeth Winkelmeier-Becker,1962-09-15,weiblich,CDU/CSU,2025-03-25,,Richterin,96.0,Rhein-Sieg-Kreis I,Direktwahl,
11005439,Ellen Demuth,1982-07-10,weiblich,CDU/CSU,2025-03-25,,Dipl.-Betriebswirtin (FH),196.0,Neuwied,Direktwahl,
11004452,Emmi Zeulner,1987-03-27,weiblich,CDU/CSU,2025-03-25,,Examinierte Gesundheits-und Krankenpflegerin,239.0,Kulmbach,Direktwahl,
11005068,Fabian Gramling,1987-04-05,männlich,CDU/CSU,2025-03-25,,Bundestagsabgeordneter,266.0,Neckar-Zaber,Direktwahl,
11004883,Felix Schreiner,1986-01-29,männlich,CDU/CSU,2025-03-25,,,288.0,Waldshut,Direktwahl,
11005417,Florian Bilic,1994-01-10,männlich,CDU/CSU,2025-03-25,,Hauptgeschäftsführer,209.0,Pirmasens,Direktwahl,
11004048,Florian Hahn,1974-03-14,männlich,CDU/CSU,2025-03-25,,MdB,220.0,München-Land,Direktwahl,
11005160,Florian Müller,1987-09-14,männlich,CDU/CSU,2025-03-25,,Strategiereferent,148.0,Olpe – Märkischer Kreis I,Direktwahl,
11005536,Florian Oest,1987-08-25,männlich,CDU/CSU,2025-03-25,,Jurist und Betriebswirt,156.0,Görlitz,Landesliste,
11004366,Florian Oßner,1980-07-05,männlich,CDU/CSU,2025-03-25,,MdB,227.0,Landshut,Direktwahl,
11005087,Franziska Hoppermann,1982-01-08,weiblich,CDU/CSU,2025-03-25,,"Senatsdirektorin, Dipl.-Kauffrau",22.0,Hamburg-Wandsbek,Landesliste,
11005428,Frederik Bouffier,1990-10-07,männlich,CDU/CSU,2025-03-25,,Rechtsanwalt,172.0,Gießen,Direktwahl,
11002735,Friedrich Merz,1955-11-11,männlich,CDU/CSU,2025-03-25,,Rechtsanwalt,146.0,Hochsauerlandkreis,Direktwahl,
11004285,Fritz Güntzler,1966-05-06,männlich,CDU/CSU,2025-03-25,,"Wirtschaftsprüfer, Steuerberater",53.0,Göttingen I,Direktwahl,
11005475,Georg Günther,1988-05-14,männlich,CDU/CSU,2025-03-25,,Dipl.-Finanzwirt (FH),15.0,Vorpommern-Rügen – Vorpommern-Greifswald I,Landesliste,
11003514,Gitta Connemann,1964-05-10,weiblich,CDU/CSU,2025-03-25,,"Verkäuferin, Volljuristin",25.0,Unterems,Direktwahl,
11003573,Gunther Krichbaum,1964-05-04,männlich,CDU/CSU,2025-03-25,,Wirtschaftsjurist,279.0,Pforzheim,Direktwahl,
11005410,Günter Baumgartner,1975-04-24,männlich,CDU/CSU,2025-03-25,,Bankbetriebswirt,229.0,Rottal-Inn,Direktwahl,
11005507,Hans Koller,1971-07-15,männlich,CDU/CSU,2025-03-25,,"Landwirt, Gastwirt",228.0,Passau,Direktwahl,
11004264,Hansjörg Durz,1971-07-29,männlich,CDU/CSU,2025-03-25,,"Dipl.-Kaufmann, Bankkaufmann",252.0,Augsburg-Land,Direktwahl,
11005537,Harald Orthey,1968-06-25,männlich,CDU/CSU,2025-03-25,,Betriebswirt (VWA),203.0,Montabaur,Direktwahl,
11005477,Heiko Hain,1982-03-26,männlich,CDU/CSU,2025-03-25,,Verwaltungsfachwirt,238.0,Hof,Direktwahl,
11003821,Henning Otte,1968-10-27,männlich,CDU/CSU,2025-03-25,,,44.0,Celle – Uelzen,Direktwahl,
11005184,Henning Rehbaum,1973-09-10,männlich,CDU/CSU,2025-03-25,,Dipl.-Betriebswirt (FH),129.0,Warendorf,Direktwahl,
11005570,Henri Schmidt,1983-05-07,männlich,CDU/CSU,2025-03-25,,Geschäftsführer,10.0,Herzogtum Lauenburg – Stormarn-Süd,Direktwahl,
11004269,Hermann Färber,1963-03-26,männlich,CDU/CSU,2025-03-25,,Landwirtschaftsmeister,263.0,Göppingen,Direktwahl,
11004352,Jan Metzler,1981-07-05,männlich,CDU/CSU,2025-03-25,,"Winzer, Dipl.-Betriebswirt (FH)",205.0,Worms,Direktwahl,
11005544,Jan-Wilhelm Pohlmann,1986-07-31,männlich,CDU/CSU,2025-03-25,,Politik- und Verwaltungswissenschaftlicher,166.0,Waldeck,Direktwahl,
11004800,Jens Lehmann,1967-12-19,männlich,CDU/CSU,2025-03-25,,Erzieher,151.0,Leipzig I,Landesliste,
11003638,Jens Spahn,1980-05-16,männlich,CDU/CSU,2025-03-25,,Bankkaufmann,123.0,Steinfurt I – Borken I,Direktwahl,
11005447,Joachim Ebmeyer,1985-01-30,männlich,CDU/CSU,2025-03-25,,Volkswirt,132.0,Herford – Minden-Lübbecke II,Direktwahl,
11005557,Johannes Rothenberger,1980-08-07,männlich,CDU/CSU,2025-03-25,,Rechtsanwalt,284.0,Offenburg,Direktwahl,
11004418,Johannes Steiniger,1987-06-18,männlich,CDU/CSU,2025-03-25,,"Gymnasiallehrer, MdB",207.0,Neustadt – Speyer,Direktwahl,
11005602,Johannes Volkmann,1996-12-11,männlich,CDU/CSU,2025-03-25,,"Volkswirt, Sinologe",171.0,Lahn-Dill,Direktwahl,
11005610,Johannes Wiegelmann,1993-02-02,männlich,CDU/CSU,2025-03-25,,Rechtsanwalt,174.0,Main-Kinzig – Wetterau II – Schotten,Direktwahl,
11005612,Johannes Winkel,1991-10-28,männlich,CDU/CSU,2025-03-25,,Volljurist,106.0,Düsseldorf II,Direktwahl,
11004845,Josef Oster,1971-01-04,männlich,CDU/CSU,2025-03-25,,"Dipl.-Verwaltungswirt (FH), Bürgermeister a. D.",198.0,Koblenz,Direktwahl,
11003566,Julia Klöckner,1972-12-16,weiblich,CDU/CSU,2025-03-25,,"Chefredakteurin, Bundesministerin a. D.",200.0,Kreuznach,Direktwahl,
11004050,Jürgen Hardt,1963-05-30,männlich,CDU/CSU,2025-03-25,,Dipl.-Volkswirt,102.0,Solingen – Remscheid – Wuppertal II,Direktwahl,
11004443,Kai Whittaker,1985-04-10,männlich,CDU/CSU,2025-03-25,,Wirtschaftswissenschaftler M. Sc.,273.0,Rastatt,Direktwahl,
11004901,Katrin Staffler,1981-11-04,weiblich,CDU/CSU,2025-03-25,,Biochemikerin,214.0,Fürstenfeldbruck,Direktwahl,
11004382,Kerstin Radomski,1974-11-01,weiblich,CDU/CSU,2025-03-25,,Studienrätin,113.0,Krefeld II – Wesel II,Direktwahl,
11004924,Kerstin Vieregge,1976-09-06,weiblich,CDU/CSU,2025-03-25,,staatlich geprüfte Betriebswirtin,134.0,Lippe I,Direktwahl,
11005138,Klaus Mack,1973-04-28,männlich,CDU/CSU,2025-03-25,,"Dipl,-Verwaltungswirt (FH)",280.0,Calw,Direktwahl,
11003264,Klaus-Peter Willsch,1961-02-28,männlich,CDU/CSU,2025-03-25,,Dipl.-Volkswirt,177.0,Rheingau-Taunus – Limburg,Direktwahl,
11005002,Knut Abraham,1966-06-04,männlich,CDU/CSU,2025-03-25,,Diplomat,65.0,Elbe-Elster – Oberspreewald-Lausitz,Landesliste,
11005449,Lars Ehm,1976-04-09,männlich,CDU/CSU,2025-03-25,,Volljurist,121.0,Recklinghausen II,Direktwahl,
11005190,Lars Rohwer,1972-02-01,männlich,CDU/CSU,2025-03-25,,Bankkaufmann,159.0,Dresden II – Bautzen II,Landesliste,larsrohwer.bsky.social
11005422,Leif Erik Bodin,1996-06-20,männlich,CDU/CSU,2025-03-25,,Jurist,2.0,Nordfriesland – Dithmarschen Nord,Direktwahl,
11005514,Lukas Krieger,1987-11-11,männlich,CDU/CSU,2025-03-25,,Rechtsanwalt,79.0,Berlin-Charlottenburg-Wilmersdorf,Direktwahl,
11005431,Lutz Brinkmann,1975-12-27,männlich,CDU/CSU,2025-03-25,,selbstständiger Dipl.-Bauingenieur,38.0,Osnabrück-Land,Direktwahl,
11004673,Marc Biadacz,1979-09-03,männlich,CDU/CSU,2025-03-25,,Sozialwissenschaftler,260.0,Böblingen,Direktwahl,
11004744,Marc Henrichmann,1976-06-01,männlich,CDU/CSU,2025-03-25,,Rechtsanwalt,126.0,Coesfeld – Steinfurt II,Direktwahl,
11005263,Mareike Lotte Wulf,1979-11-15,weiblich,CDU/CSU,2025-03-25,,Verbandsgeschäftsführerin,46.0,Hameln-Pyrmont – Holzminden,Landesliste,
11004298,Mark Helfrich,1978-09-08,männlich,CDU/CSU,2025-03-25,,Betriebswirt,3.0,Steinburg – Dithmarschen Süd,Direktwahl,
11004331,Markus Koob,1977-12-05,männlich,CDU/CSU,2025-03-25,,,175.0,Hochtaunus,Direktwahl,
11005052,Martina Englhardt-Kopf,1981-06-08,weiblich,CDU/CSU,2025-03-25,,Studiendirektorin a. D.,233.0,Schwandorf,Direktwahl,
11005579,Marvin Schulz,1994-11-14,männlich,CDU/CSU,2025-03-25,,Angestellter,76.0,Berlin-Reinickendorf,Direktwahl,
11004292,Matthias Hauer,1977-12-18,männlich,CDU/CSU,2025-03-25,,Rechtsanwalt,119.0,Essen III,Direktwahl,matthiashauer.bsky.social
11004052,Mechthild Heil,1961-08-23,weiblich,CDU/CSU,2025-03-25,,Dipl.-Ing. Architektin,197.0,Ahrweiler,Direktwahl,
11005261,Mechthilde Wittmann,1967-12-12,weiblich,CDU/CSU,2025-03-25,,Juristin,256.0,Oberallgäu,Direktwahl,
11004670,Melanie Bernstein,1976-09-28,weiblich,CDU/CSU,2025-03-25,,Kulturwissenschaftlerin,8.0,Segeberg – Stormarn-Mitte,Direktwahl,
11003742,Michael Brand,1973-11-19,männlich,CDU/CSU,2025-03-25,,"Angestellter, Pressesprecher",173.0,Fulda,Direktwahl,
11004262,Michael Donth,1967-06-08,männlich,CDU/CSU,2025-03-25,,Bürgermeister a. D.,289.0,Reutlingen,Direktwahl,
11004034,Michael Frieser,1964-03-30,männlich,CDU/CSU,2025-03-25,,Rechtsanwalt,244.0,Nürnberg-Süd,Direktwahl,
11005488,Michael Hose,1984-09-28,männlich,CDU/CSU,2025-03-25,,Schulleiter/ Gymnasiallehrer,192.0,Erfurt – Weimar – Weimarer Land II,Landesliste,
11004779,Michael Kießling,1973-05-29,männlich,CDU/CSU,2025-03-25,,Dipl.-Bauingenieur (FH),223.0,Starnberg – Landsberg am Lech,Direktwahl,
11005495,Nicklas Kappe,1996-11-11,männlich,CDU/CSU,2025-03-25,,Chemieingenieur,124.0,Bottrop – Recklinghausen III,Direktwahl,
11005266,Nicolas Zippelius,1987-08-01,männlich,CDU/CSU,2025-03-25,,MdB,272.0,Karlsruhe-Land,Direktwahl,zippelius.bsky.social
11004437,Nina Warken,1979-05-15,weiblich,CDU/CSU,2025-03-25,,Rechtsanwältin,276.0,Odenwald – Tauber,Direktwahl,
11005582,Nora Seitz,1984-05-10,weiblich,CDU/CSU,2025-03-25,,Fleischermeisterin,161.0,Chemnitz,Landesliste,
11004655,Norbert Maria Altenkamp,1972-07-27,männlich,CDU/CSU,2025-03-25,,Dipl.-Volkswirt,180.0,Main-Taunus,Direktwahl,
11003544,Olav Gutting,1970-10-14,männlich,CDU/CSU,2025-03-25,,"Rechtsanwalt, Fachanwalt für Erbrecht",278.0,Bruchsal – Schwetzingen,Direktwahl,
11005545,Oliver Pöpsel,1973-04-06,männlich,CDU/CSU,2025-03-25,,Versicherungsfachmann,145.0,Soest,Direktwahl,
11005551,Pascal Reddig,1995-04-10,männlich,CDU/CSU,2025-03-25,,Rechtsanwalt,179.0,Hanau,Direktwahl,
11003582,Patricia Lips,1963-12-21,weiblich,CDU/CSU,2025-03-25,,Handelsfachwirtin,186.0,Odenwald,Direktwahl,
11004146,Patrick Schnieder,1968-05-01,männlich,CDU/CSU,2025-03-25,,Bürgermeister a. D.,201.0,Bitburg,Direktwahl,
11004938,Paul Ziemiak,1985-09-06,männlich,CDU/CSU,2025-03-25,,Generalsekretär der CDU NRW,149.0,Märkischer Kreis II,Direktwahl,
11004004,Peter Aumer,1976-04-17,männlich,CDU/CSU,2025-03-25,,,232.0,Regensburg,Direktwahl,
11004010,Peter Beyer,1970-12-25,männlich,CDU/CSU,2025-03-25,,Rechtsanwalt,104.0,Mettmann II,Direktwahl,
11005487,Philip M. A. Hoffmann,1988-11-21,männlich,CDU/CSU,2025-03-25,,Ökonom,297.0,Saarlouis,Direktwahl,
11004656,Philipp Amthor,1992-11-10,männlich,CDU/CSU,2025-03-25,,Jurist,16.0,Mecklenburgische Seenplatte I – Vorpommern-Greifswald II ,Landesliste,
11003574,Prof. Dr. Günter Krings,1969-08-07,männlich,CDU/CSU,2025-03-25,,Jurist,108.0,Mönchengladbach,Direktwahl,
11005593,Prof. Dr. Hans Theiss,1977-09-20,männlich,CDU/CSU,2025-03-25,,Arzt,216.0,München-Nord,Direktwahl,hanstheiss.bsky.social
11005588,Prof. Dr. Hendrik Streeck,1977-08-07,männlich,CDU/CSU,2025-03-25,,Universitätsprofessor,95.0,Bonn,Direktwahl,hendrikstreeck.bsky.social‬
11005485,Prof. Dr. Matthias Hiller,1985-01-08,männlich,CDU/CSU,2025-03-25,,Steuerberater und Hochschullehrer,262.0,Nürtingen,Direktwahl,
11004021,Ralph Brinkhaus,1968-06-15,männlich,CDU/CSU,2025-03-25,,Steuerberater,130.0,Gütersloh I,Direktwahl,
11005048,Ralph Edelhäußer,1973-03-22,männlich,CDU/CSU,2025-03-25,,"Bankkaufmann, Dipl.-Betriebswirt (FH)",245.0,Roth,Direktwahl,
11004068,Roderich Kiesewetter,1963-09-11,männlich,CDU/CSU,2025-03-25,,Oberst a. D. / Diplom-Kaufmann (univ.),270.0,Aalen – Heidenheim,Direktwahl,rodki.bsky.social
11005592,Roland Theis,1980-03-17,männlich,CDU/CSU,2025-03-25,,Jurist,298.0,St. Wendel,Direktwahl,
11004617,Ronja Schmitt,1989-05-03,weiblich,CDU/CSU,2025-03-25,,Volkswirtin,291.0,Ulm,Direktwahl,
11005436,Sandra Carstensen,1971-10-02,weiblich,CDU/CSU,2025-03-25,,Juristin,6.0,Plön – Neumünster,Direktwahl,
11005413,Sascha Beek,1983-06-16,männlich,CDU/CSU,2025-03-25,,Gesundheits- und Krankenpfleger,112.0,Wesel I,Direktwahl,
11005571,Sebastian Schmidt,1993-08-08,männlich,CDU/CSU,2025-03-25,,"Bankkaufmann, staatl. geprüfter Betriebswirt",9.0,Ostholstein – Stormarn-Nord,Direktwahl,
11004417,Sebastian Steineke,1973-06-19,männlich,CDU/CSU,2025-03-25,,Rechtsanwalt,56.0,Prignitz – Ostprignitz-Ruppin – Havelland I,Landesliste,sebastiansteineke.bsky.social
11004832,Sepp Müller,1989-01-22,männlich,CDU/CSU,2025-03-25,,Dipl.-Bankbetriebswirt Frankfurt School of Finance and Management,70.0,Anhalt – Dessau – Wittenberg,Landesliste,
11005072,Serap Güler,1980-07-07,weiblich,CDU/CSU,2025-03-25,,Beamtin,92.0,Köln I,Landesliste,serapgueler.bsky.social
11005605,Siegfried Walch,1984-04-08,männlich,CDU/CSU,2025-03-25,,"Kaufmann, Betriebswirt (HWK)",224.0,Traunstein,Direktwahl,
11004681,Silvia Breher,1973-07-23,weiblich,CDU/CSU,2025-03-25,,Volljuristin,32.0,Cloppenburg – Vechta,Direktwahl,
11005030,Simone Borchardt,1967-09-11,weiblich,CDU/CSU,2025-03-25,,Gesundheitsökonomin,13.0,Ludwigslust-Parchim II–Nordwestmecklenbg II–Landkr. RostockI,Landesliste,
11004867,Stefan Rouenhoff,1978-12-23,männlich,CDU/CSU,2025-03-25,,,111.0,Kleve,Direktwahl,
11004011,Steffen Bilger,1979-02-16,männlich,CDU/CSU,2025-03-25,,Volljurist,265.0,Ludwigsburg,Direktwahl,
11004241,Stephan Albani,1968-06-03,männlich,CDU/CSU,2025-03-25,,Dipl.-Physiker,27.0,Oldenburg – Ammerland,Landesliste,
11003589,Stephan Mayer,1973-12-15,männlich,CDU/CSU,2025-03-25,,Rechtsanwalt,211.0,Altötting,Direktwahl,
11004169,Stephan Stracke,1974-04-01,männlich,CDU/CSU,2025-03-25,,Volljurist,257.0,Ostallgäu,Direktwahl,
11005085,Susanne Hierl,1973-09-29,weiblich,CDU/CSU,2025-03-25,,Rechtsanwältin,231.0,Amberg,Direktwahl,
11003734,Thomas Bareiß,1975-02-15,männlich,CDU/CSU,2025-03-25,,Dipl.-Betriebswirt,295.0,Zollernalb – Sigmaringen,Direktwahl,
11004709,Thomas Erndl,1974-07-22,männlich,CDU/CSU,2025-03-25,,Dipl.-Ing. (FH) Elektrotechnik / Mikroelektronik,226.0,Deggendorf,Direktwahl,
11004061,Thomas Jarzombek,1973-04-28,männlich,CDU/CSU,2025-03-25,,IT-Berater,105.0,Düsseldorf I,Direktwahl,
11002754,Thomas Rachel,1962-05-17,männlich,CDU/CSU,2025-03-25,,Politikwissenschaftler,89.0,Düren,Direktwahl,
11005193,Thomas Röwekamp,1966-09-18,männlich,CDU/CSU,2025-03-25,,"Rechtsanwalt, Notar",54.0,Bremen I,Landesliste,
11003636,Thomas Silberhorn,1968-11-12,männlich,CDU/CSU,2025-03-25,,Rechtsanwalt,235.0,Bamberg,Direktwahl,
11004276,Thorsten Frei,1973-08-08,männlich,CDU/CSU,2025-03-25,,"Jurist, Oberbürgermeister a. D.",286.0,Schwarzwald-Baar,Direktwahl,judithhopkins132.bsky.social
11005406,Tijen Ataoğlu,1989-07-21,weiblich,CDU/CSU,2025-03-25,,Richterin am Landgericht,137.0,Hagen – Ennepe-Ruhr-Kreis I,Direktwahl,
11005118,Tilman Kuban,1987-05-26,männlich,CDU/CSU,2025-03-25,,Rechtsanwalt,47.0,Hannover-Land II,Landesliste,
11004409,Tino Sorge,1975-03-04,männlich,CDU/CSU,2025-03-25,,Rechtsanwalt,69.0,Magdeburg,Landesliste,tinosorge.bsky.social
11005258,Tobias Winkler,1978-01-16,männlich,CDU/CSU,2025-03-25,,Abgeordneter,242.0,Fürth,Direktwahl,
11004087,Ulrich Lange,1969-06-06,männlich,CDU/CSU,2025-03-25,,Rechtsanwalt,253.0,Donau-Ries,Direktwahl,
11004271,Uwe Feiler,1965-11-02,männlich,CDU/CSU,2025-03-25,,Finanzwirt,58.0,Oberhavel – Havelland II,Landesliste,
11005620,Vanessa Zobel,1988-02-08,weiblich,CDU/CSU,2025-03-25,,Bankkauffrau,30.0,Stade I – Rotenburg II,Direktwahl,
11005589,Vivian Tauschwitz,1994-07-29,weiblich,CDU/CSU,2025-03-25,,Offizierin,35.0,Rotenburg I – Heidekreis,Landesliste,
11005146,Volker Mayer-Lay,1981-06-22,männlich,CDU/CSU,2025-03-25,,Rechtsanwalt,293.0,Bodensee,Direktwahl,
11004365,Wilfried Oellers,1975-09-16,männlich,CDU/CSU,2025-03-25,,Rechtsanwalt,88.0,Heinsberg,Direktwahl,
11005465,Wilhelm Gebhard,1976-06-15,männlich,CDU/CSU,2025-03-25,,Bürgermeister,168.0,Werra-Meißner – Hersfeld-Rotenburg,Direktwahl,
11005438,Wolfgang Dahler,1975-05-06,männlich,CDU/CSU,2025-03-25,,Rechtsanwalt,292.0,Biberach,Direktwahl,
11005005,Adis Ahmetović,1993-07-27,männlich,SPD,2025-03-25,,Referent für Regierungsplanung in der Nds. Staatskanzelei,41.0,Stadt Hannover I,Direktwahl,
11004407,Andreas Schwarz,1965-03-03,männlich,SPD,2025-03-25,,Betriebswirt,235.0,Bamberg,Landesliste,schwarzmdb.bsky.social
11003162,Anette Kramme,1967-10-10,weiblich,SPD,2025-03-25,,"Rechtsanwältin, Fachanwältin für Arbeitsrecht",236.0,Bayreuth,Landesliste,
11004614,Angelika Glöckner,1962-02-05,weiblich,SPD,2025-03-25,,"Verwaltungsfachwirtin, Betriebswirtin",209.0,Pirmasens,Landesliste,
11005240,Anja Troff-Schaffarzyk,1969-10-01,weiblich,SPD,2025-03-25,,Dipl.-Pädagogin,25.0,Unterems,Landesliste,anjatroff.bsky.social
11005108,Annika Klose,1992-06-24,weiblich,SPD,2025-03-25,,Sozialwissenschaftlerin,74.0,Berlin-Mitte,Landesliste,anniklose.bsky.social
11005267,Armand Zorn,1988-07-18,männlich,SPD,2025-03-25,,Unternehmensberater,181.0,Frankfurt am Main I,Landesliste,
11004124,Aydan Özoğuz,1967-05-31,weiblich,SPD,2025-03-25,,"Wissenschaftliche Mitarbeiterin, Körber Stiftung",22.0,Hamburg-Wandsbek,Direktwahl,
11004392,Bernd Rützel,1968-10-02,männlich,SPD,2025-03-25,,Maschinenschlosser,248.0,Main-Spessart,Landesliste,
11003545,Bettina Hagedorn,1955-12-26,weiblich,SPD,2025-03-25,,Goldschmiedin,9.0,Ostholstein – Stormarn-Nord,Landesliste,
11005135,Bettina Lugk,1982-02-03,weiblich,SPD,2025-03-25,,"Geowissenschaftlerin, Verwaltungsfachwirtin",149.0,Märkischer Kreis II,Landesliste,
11005543,Boris Pistorius,1960-03-14,männlich,SPD,2025-03-25,,"Bundesminister, Jurist",42.0,Stadt Hannover II,Direktwahl,
11004006,Bärbel Bas,1968-05-03,weiblich,SPD,2025-03-25,,Personalmanagement-Ökonomin (VWA),114.0,Duisburg I,Direktwahl,
11005251,Carmen Wegge,1989-09-24,weiblich,SPD,2025-03-25,,Juristin,223.0,Starnberg – Landsberg am Lech,Landesliste,carmenwegge.bsky.social
11003218,Carsten Schneider,1976-01-23,männlich,SPD,2025-03-25,,Bankkaufmann,192.0,Erfurt – Weimar – Weimarer Land II,Landesliste,
11004426,Carsten Träger,1973-10-25,männlich,SPD,2025-03-25,,"sebst. Werbeberater, Koordinator Kommunikation Sparkasse Fürth",242.0,Fürth,Landesliste,
11005208,Christoph Schmid,1976-07-08,männlich,SPD,2025-03-25,,"Politikwissenschaftler, Bürgermeister a. D.",253.0,Donau-Ries,Landesliste,
11004825,Claudia Moll,1968-12-15,weiblich,SPD,2025-03-25,,Examinierte Altenpflegerin,87.0,Aachen II,Landesliste,
11004401,Dagmar Schmidt,1973-03-13,weiblich,SPD,2025-03-25,,Historikerin,171.0,Lahn-Dill,Landesliste,dagmarschmidt.de
11005015,Daniel Baldy,1994-09-25,männlich,SPD,2025-03-25,,Lehrer,204.0,Mainz,Landesliste,daniel-baldy.bsky.social
11005416,Daniel Bettermann,1980-10-17,männlich,SPD,2025-03-25,,Angestellter im öffentlichen Dienst,167.0,Kassel,Direktwahl,
11005300,Daniel Rinkert,1987-12-11,männlich,SPD,2025-03-25,,Jurist,107.0,Neuss I,Landesliste,
11005606,Daniel Walter,1991-03-27,männlich,SPD,2025-03-25,,Referent / LL.M. European Law,89.0,Düren,Landesliste,
11005560,Daniela Rump,1996-01-13,weiblich,SPD,2025-03-25,,Studentin der Rechtswissenschaften,48.0,Hildesheim,Direktwahl,
11004388,Dennis Rohde,1986-06-24,männlich,SPD,2025-03-25,,Rechtsanwalt,27.0,Oldenburg – Ammerland,Direktwahl,tomschroeder93.bsky.social
11005241,Derya Türk-Nachbaur,1973-04-10,weiblich,SPD,2025-03-25,,Versicherungsfachfrau,286.0,Schwarzwald-Baar,Landesliste,deryatuerknachbaur.bsky.social
11004433,Dirk Vöpel,1971-05-29,männlich,SPD,2025-03-25,,Selbstständiger Kaufmann,116.0,Oberhausen – Wesel III,Direktwahl,
11004444,Dirk Wiese,1983-07-11,männlich,SPD,2025-03-25,,Jurist,146.0,Hochsauerlandkreis,Landesliste,
11003710,Dr. Bärbel Kofler,1967-05-24,weiblich,SPD,2025-03-25,,"Bankkauffrau, Diplom-Informatikerin (FH), Sprachwissenschaftlerin",224.0,Traunstein,Landesliste,
11005247,Dr. Carolin Wagner,1982-10-01,weiblich,SPD,2025-03-25,,Referatsleiterin,232.0,Regensburg,Landesliste,
11005174,Dr. Christos Pantazis,1975-10-09,männlich,SPD,2025-03-25,,Arzt,50.0,Braunschweig,Direktwahl,
11005103,Dr. Franziska Kersten,1968-12-19,weiblich,SPD,2025-03-25,,Tierärztin,67.0,Börde – Salzlandkreis,Landesliste,franziskakersten.bsky.social‬
11004270,Dr. Johannes Fechner,1972-11-25,männlich,SPD,2025-03-25,,Rechtsanwalt,283.0,Emmendingen – Lahr,Landesliste,
11005221,Dr. Lina Seitzl,1989-06-03,weiblich,SPD,2025-03-25,,Politikwissenschaftlerin,287.0,Konstanz,Landesliste,linaseitzl.bsky.social‬
11003809,Dr. Matthias Miersch,1968-12-19,männlich,SPD,2025-03-25,,Rechtsanwalt,47.0,Hannover-Land II,Direktwahl,
11004876,Dr. Nils Schmid,1973-07-11,männlich,SPD,2025-03-25,,"Jurist, Minister a. D.",262.0,Nürtingen,Landesliste,
11004396,Dr. Nina Scheer,1971-09-11,weiblich,SPD,2025-03-25,,"Juristin, Politikwissenschaftlerin, Musikerin",10.0,Herzogtum Lauenburg – Stormarn-Süd,Landesliste,nina-scheer.de
11005558,Dr. Philipp Rottwilm,1984-08-28,männlich,SPD,2025-03-25,,"Dipl.-Kaufmann, Bürgermeister",169.0,Schwalm-Eder,Landesliste,
11005229,Dr. Ralf Stegner,1959-10-02,männlich,SPD,2025-03-25,,Politikwissenschaftler,7.0,Pinneberg,Landesliste,ralfstegner.bsky.social‬
11003599,Dr. Rolf Mützenich,1959-06-25,männlich,SPD,2025-03-25,,Dipl.-Politikwissenschaftler,94.0,Köln III,Landesliste,
11005137,Dr. Tanja Machalet,1974-05-01,weiblich,SPD,2025-03-25,,"Bankkauffrau, Dipl.-Volkswirtin",203.0,Montabaur,Landesliste,
11005194,Dr. Thorsten Rudolph,1974-03-15,männlich,SPD,2025-03-25,,Beamter,198.0,Koblenz,Landesliste,
11004710,Dr. Wiebke Esdar,1984-02-11,weiblich,SPD,2025-03-25,,Dipl.-Psychologin,131.0,Bielefeld – Gütersloh II,Direktwahl,
11005115,Dunja Kreiser,1971-06-27,weiblich,SPD,2025-03-25,,Abwassermeisterin,49.0,Salzgitter – Wolfenbüttel,Direktwahl,
11004771,Elisabeth Kaiser,1987-03-04,weiblich,SPD,2025-03-25,,Politik- und Verwaltungswissenschaftlerin,193.0,Gera – Greiz – Altenburger Land,Landesliste,elisabethkaiser.bsky.social
11005131,Esra Limbacher,1989-05-01,männlich,SPD,2025-03-25,,Volljurist,299.0,Homburg,Direktwahl,esralimbacher.bsky.social
11004701,Esther Dilcher,1965-09-18,weiblich,SPD,2025-03-25,,"Rechtsanwältin, Notarin",166.0,Waldeck,Landesliste,
11005044,Falko Droßmann,1973-12-11,männlich,SPD,2025-03-25,,Soldat,18.0,Hamburg-Mitte,Direktwahl,
11005043,Felix Döring,1991-02-23,männlich,SPD,2025-03-25,,Lehrer,172.0,Gießen,Landesliste,
11004317,Frank Junge,1967-05-05,männlich,SPD,2025-03-25,,Dipl.-Sportlehrer,13.0,Ludwigslust-Parchim II–Nordwestmecklenbg II–Landkr. RostockI,Landesliste,
11003846,Frank Schwabe,1970-11-12,männlich,SPD,2025-03-25,,,120.0,Recklinghausen I,Direktwahl,frankschwabe.bsky.social
11005077,Frauke Heiligenstadt,1966-03-24,weiblich,SPD,2025-03-25,,Dipl.-Verwaltungswirtin FH,52.0,Goslar – Northeim – Göttingen II,Direktwahl,fheiligenstadt.bsky.social
11004296,Gabriela Heinrich,1963-04-18,weiblich,SPD,2025-03-25,,Redakteurin,243.0,Nürnberg-Nord,Landesliste,
11005038,Hakan Demir,1984-11-16,männlich,SPD,2025-03-25,,,81.0,Berlin-Neukölln,Landesliste,
11005314,Heike Heubach,1979-12-14,weiblich,SPD,2025-03-25,,Industriekauffrau,252.0,Augsburg-Land,Landesliste,
11004802,Helge Lindh,1976-12-06,männlich,SPD,2025-03-25,,,101.0,Wuppertal I,Direktwahl,helgelindh.bsky.social
11005105,Helmut Kleebank,1964-11-18,männlich,SPD,2025-03-25,,"Krankenpfleger, Lehrer, Bezirksbürgermeister i. R.",77.0,Berlin-Spandau – Charlottenburg Nord,Direktwahl,
11005424,Hendrik Bollmann,1982-09-10,männlich,SPD,2025-03-25,,Oberstudienrat,140.0,Herne – Bochum II,Direktwahl,
11005140,Holger Mann,1979-02-19,männlich,SPD,2025-03-25,,Politikwissenschaftler,151.0,Leipzig I,Landesliste,
11003142,Hubertus Heil,1972-11-03,männlich,SPD,2025-03-25,,"Politikwissenschaftler, Bundesminister",45.0,Gifhorn – Peine,Direktwahl,
11005600,Ingo Vogel,1976-04-29,männlich,SPD,2025-03-25,,Polizeibeamter,118.0,Essen II,Direktwahl,
11005036,Isabel Cademartori Dujisin,1988-01-09,weiblich,SPD,2025-03-25,,Wirtschaftspädagogin,275.0,Mannheim,Landesliste,
11004949,Isabel Mackensen,1986-09-29,weiblich,SPD,2025-03-25,,Politikwissenschaftlerin,207.0,Neustadt – Speyer,Landesliste,
11005025,Jakob Blankenburg,1997-08-05,männlich,SPD,2025-03-25,,Politikwissenschaftler,37.0,Lüchow-Dannenberg – Lüneburg,Direktwahl,
11005041,Jan Dieren,1991-07-29,männlich,SPD,2025-03-25,,Rechtsanwalt,113.0,Krefeld II – Wesel II,Landesliste,jandieren.bsky.social
11005088,Jasmina Hostert,1982-12-03,weiblich,SPD,2025-03-25,,Politikwissenschaftlerin,260.0,Böblingen,Landesliste,
11005414,Jens Behrens,1978-06-12,männlich,SPD,2025-03-25,,Bankkaufmann,145.0,Soest,Landesliste,
11005178,Jens Peick,1981-08-16,männlich,SPD,2025-03-25,,Dipl.-Verwaltungswirt (FH),141.0,Dortmund I,Direktwahl,jenspeick.bsky.social
11004393,Johann Saathoff,1967-12-09,männlich,SPD,2025-03-25,,Diplom-Verwaltungswirt (FH),24.0,Aurich – Emden,Direktwahl,johann-saathoff.bsky.social
11004881,Johannes Schraps,1983-08-17,männlich,SPD,2025-03-25,,Politikwissenschaftler,46.0,Hameln-Pyrmont – Holzminden,Direktwahl,johannesschraps.bsky.social
11005204,Johannes Schätzl,1993-06-10,männlich,SPD,2025-03-25,,Informatiker / Datenanlyse,228.0,Passau,Landesliste,johannesschaetzl.bsky.social
11004844,Josephine Ortleb,1986-11-25,weiblich,SPD,2025-03-25,,Fachwirtin in der Gastronomie,296.0,Saarbrücken,Direktwahl,josephine-ortleb.de
11004639,Jürgen Coße,1969-08-16,männlich,SPD,2025-03-25,,Arbeitsvermittler,127.0,Steinfurt III,Landesliste,juergencosse.bsky.social
11005153,Kathrin Michel,1963-04-17,weiblich,SPD,2025-03-25,,Industriekauffrau,155.0,Bautzen I,Landesliste,kthrn-mchl-spd.bsky.social
11003804,Katja Mast,1971-02-04,weiblich,SPD,2025-03-25,,"MdB, Bankkauffrau",279.0,Pforzheim,Landesliste,katjamast.bsky.social
11003440,Kerstin Griese,1966-12-06,weiblich,SPD,2025-03-25,,Historikerin,104.0,Mettmann II,Landesliste,
11003715,Lars Klingbeil,1978-02-23,männlich,SPD,2025-03-25,,Politikwissenschaftler,35.0,Rotenburg I – Heidekreis,Direktwahl,larsklingbeil.bsky.social
11005096,Macit Karaahmetoğlu,1968-07-11,männlich,SPD,2025-03-25,,"Rechtsanwalt, Fachanwalt für Urheber- und Medienrecht",265.0,Ludwigsburg,Landesliste,
11004368,Mahmut Özdemir,1987-06-23,männlich,SPD,2025-03-25,,Rechtsreferendar (beurlaubt),115.0,Duisburg II,Direktwahl,
11005249,Maja Wallstein,1986-03-18,weiblich,SPD,2025-03-25,,Wissenschaftsmanagerin,64.0,Cottbus – Spree-Neiße,Landesliste,
11004942,Marja-Liisa Völlers,1984-09-28,weiblich,SPD,2025-03-25,,Lehrerin,40.0,Nienburg II – Schaumburg,Direktwahl,
11004921,Markus Töns,1964-01-01,männlich,SPD,2025-03-25,,Politologe,122.0,Gelsenkirchen,Direktwahl,
11003758,Martin Gerster,1971-08-30,männlich,SPD,2025-03-25,,"Politikwissenschaftler, Redakteur",292.0,Biberach,Landesliste,
11005116,Martin Kröber,1992-02-12,männlich,SPD,2025-03-25,,Geschäftsstellenleiter,69.0,Magdeburg,Landesliste,
11004381,Martin Rabanus,1971-09-02,männlich,SPD,2025-03-25,,Ministerialrat,177.0,Rheingau-Taunus – Limburg,Landesliste,
11005154,Matthias David Mieves,1985-12-30,männlich,SPD,2025-03-25,,Dipl.-Kaufmann,208.0,Kaiserslautern,Direktwahl,
11004289,Metin Hakverdi,1969-06-25,männlich,SPD,2025-03-25,,Volljurist,23.0,Hamburg-Bergedorf – Harburg,Direktwahl,metinhakverdi.bsky.social
11004884,Michael Schrodi,1977-07-03,männlich,SPD,2025-03-25,,Studienrat,214.0,Fürstenfeldbruck,Landesliste,michael-schrodi.bsky.social
11004424,Michael Thews,1964-09-06,männlich,SPD,2025-03-25,,Diplom-Chemieingenieur,144.0,Hamm – Unna II,Direktwahl,michaelthews.bsky.social
11005084,Nadine Heselhaus,1978-10-12,weiblich,SPD,2025-03-25,,Dipl.-Verwaltungswirtin (FH),125.0,Borken II,Landesliste,
11005452,Nancy Faeser,1970-07-13,weiblich,SPD,2025-03-25,,Rechtsanwältin,180.0,Main-Taunus,Landesliste,
11005177,Natalie Pawlik,1992-08-26,weiblich,SPD,2025-03-25,,Geschichts- und Sozialwissenschaftlerin (M.A.),176.0,Wetterau I,Landesliste,nataliepawlik.bsky.social
11003231,Olaf Scholz,1958-06-14,männlich,SPD,2025-03-25,,Rechtsanwalt,61.0,Potsdam – Potsdam-Mittelmark II – Teltow-Fläming II,Direktwahl,dbroessler.bsky.social
11004063,Oliver Kaczmarek,1970-08-08,männlich,SPD,2025-03-25,,,143.0,Unna I,Direktwahl,
11005143,Parsa Marvi,1982-02-06,männlich,SPD,2025-03-25,,Produktmanager Breitband,271.0,Karlsruhe-Stadt,Landesliste,
11003797,Prof. Dr. Karl Lauterbach,1963-02-21,männlich,SPD,2025-03-25,,Universitätsprofessor,100.0,Leverkusen – Köln IV,Direktwahl,
11004257,Prof. Dr. Lars Castellucci,1974-02-24,männlich,SPD,2025-03-25,,Hochschullehrer,277.0,Rhein-Neckar,Landesliste,larscastellucci.bsky.social‬
11005165,Rasha Nasr,1992-05-12,weiblich,SPD,2025-03-25,,Politikwissenschaftlerin,158.0,Dresden I,Landesliste,albrechtpallas.de
11005006,Reem Alabali-Radovan,1990-05-01,weiblich,SPD,2025-03-25,,Politikwissenschaftlerin,12.0,Schwerin – Ludwigslust-Parchim I – Nordwestmecklenburg I,Landesliste,
11003847,Rita Schwarzelühr-Sutter,1962-10-13,weiblich,SPD,2025-03-25,,Dipl.-Betriebswirtin,288.0,Waldshut,Landesliste,ritaschwarzeluehr.bsky.social
11005236,Ruppert Stüwe,1978-05-21,männlich,SPD,2025-03-25,,Dipl.-Volkswirt,78.0,Berlin-Steglitz-Zehlendorf,Landesliste,ruppertstuewe.bsky.social
11004261,Sabine Dittmar,1964-09-15,weiblich,SPD,2025-03-25,,Ärztin,247.0,Bad Kissingen,Landesliste,
11004377,Sabine Poschmann,1968-10-04,weiblich,SPD,2025-03-25,,Betriebswirtin (VWA),142.0,Dortmund II,Direktwahl,
11005000,Sanae Abdi,1986-07-07,weiblich,SPD,2025-03-25,,"Vertragsmanagerin, Finanzmanagerin",92.0,Köln I,Direktwahl,sanaeabdi.bsky.social
11004267,Saskia Esken,1961-08-28,weiblich,SPD,2025-03-25,,staatl. geprüfte Informatikerin,280.0,Calw,Landesliste,eskensaskia.bsky.social
11005056,Sebastian Fiedler,1973-06-19,männlich,SPD,2025-03-25,,Kriminalbeamter,117.0,Mülheim – Essen I,Direktwahl,
11004291,Sebastian Hartmann,1977-07-07,männlich,SPD,2025-03-25,,Organisationsberater,96.0,Rhein-Sieg-Kreis I,Landesliste,sebastianhartmann.bsky.social
11005191,Sebastian Roloff,1983-01-28,männlich,SPD,2025-03-25,,Rechtsanwalt,218.0,München-Süd,Landesliste,
11005614,Serdar Yüksel,1973-04-27,männlich,SPD,2025-03-25,,Krankenpfleger,139.0,Bochum I,Direktwahl,
11004826,Siemtje Möller,1983-07-20,weiblich,SPD,2025-03-25,,Lehrerin,26.0,Friesland – Wilhelmshaven – Wittmund,Direktwahl,siemtje-moeller.de
11005049,Sonja Eichwede,1987-10-25,weiblich,SPD,2025-03-25,,Richterin,60.0,BRB a.d.Havel– Potsdam-MittelmarkI –HVL III–Teltow-Fläming I,Landesliste,
11004150,Stefan Schwartze,1974-05-23,männlich,SPD,2025-03-25,,Industriemechaniker,132.0,Herford – Minden-Lübbecke II,Landesliste,stefan-schwartze.de
11004453,Stefan Zierke,1970-12-05,männlich,SPD,2025-03-25,,"Werkzeugmacher, Tourismusfachwirt, Reiseverkehrskaufmann",57.0,Uckermark – Barnim I,Landesliste,zierke.bsky.social
11005217,Svenja Schulze,1968-09-29,weiblich,SPD,2025-03-25,,Unternehmensberaterin,128.0,Münster,Landesliste,svenjaschulze.bsky.social
11004412,Svenja Stadler,1976-08-26,weiblich,SPD,2025-03-25,,Senior-PR-Beraterin,36.0,Harburg,Landesliste,svenjastadler.bsky.social
11003496,Sören Bartol,1974-09-04,männlich,SPD,2025-03-25,,Politikwissenschaftler,170.0,Marburg,Direktwahl,
11005109,Tim Klüssendorf,1991-08-16,männlich,SPD,2025-03-25,,"Volkswirt (B. Sc.), Betriebswirt (M. Sc.)",11.0,Lübeck,Direktwahl,
11005553,Truels Reichardt,1994-06-05,männlich,SPD,2025-03-25,,Sozialpädagoge / Sozialarbeiter mit staatlicher Anerkennung,2.0,Nordfriesland – Dithmarschen Nord,Landesliste,
11004878,Uwe Schmidt,1966-02-14,männlich,SPD,2025-03-25,,Hafenfacharbeiter,55.0,Bremen II – Bremerhaven,Direktwahl,
11005089,Verena Hubertz,1987-11-26,weiblich,SPD,2025-03-25,,Unternehmerin,202.0,Trier,Landesliste,verena-hubertz.de
11005500,Sieghard Knodel,1961-02-13,männlich,Fraktionslos,2025-05-05,,"Betriebswirt, Landmaschinenmeister",,,Landesliste,
11005219,Stefan Seidler,1979-12-18,männlich,Fraktionslos,2025-03-25,,Regierungs-Koordinator/Politischer Berater,1.0,Flensburg – Schleswig,Landesliste,stefanseidlerssw.bsky.social
