,id,full_name,birthdate,gender,faction,faction_start,faction_end,profession,district_number,district_name,mandate,potential_handle
514,11005504,Achim Köhler,1964-03-22,männlich,AfD,2025-03-25,,,277,Rhein-Neckar,Landesliste,
417,11005408,Adam Balten,1983-11-09,männlich,AfD,2025-03-25,,Mechatronik-Ingenieur,112,Wesel I,Landesliste,
413,11005404,Alexander Arpaschi,1970-05-24,männlich,AfD,2025-03-25,,,273,Rastatt,Landesliste,
631,11005622,Alexis L. Giersch,1963-09-25,männlich,AfD,2025-03-25,,,,,Landesliste,
170,11004674,Andreas Bleck,1988-04-17,männlich,AfD,2025-03-25,,Büroleiter,196,Neuwied,Landesliste,
534,11005524,Andreas Mayer,1995-01-25,männlich,AfD,2025-03-25,,Luft- und Raumfahrttechnik-Ingenieur,253,Donau-Ries,Landesliste,qimmuno.bsky.social
550,11005540,Andreas Paul,1978-10-10,männlich,AfD,2025-03-25,,Offizier in der Bundeswehr,27,Oldenburg – Ammerland,Landesliste,andimicroscopy.bsky.social
569,11005559,Angela Rudzka,1984-01-20,weiblich,AfD,2025-03-25,,Referentin der AfD Fraktion im Landtag Niedersachsen,49,Salzgitter – Wolfenbüttel,Landesliste,
559,11005549,Arne Raue,1970-08-18,männlich,AfD,2025-03-25,,,60,BRB a.d.Havel– Potsdam-MittelmarkI –HVL III–Teltow-Fläming I,Direktwahl,
605,11005596,Bastian Treuheit,1998-01-17,männlich,AfD,2025-03-25,,Kaufmann im Groß- und Einzelhandel,242,Fürth,Landesliste,
240,11004905,Beatrix Storch,1971-05-27,weiblich,AfD,2025-03-25,,Anwältin,85,Berlin-Lichtenberg,Landesliste,
368,11005203,Bernd Schattner,1968-06-27,männlich,AfD,2025-03-25,,Geschäftsführer,210,Südpfalz,Landesliste,
587,11005578,Bernd Schuhmann,1964-07-20,männlich,AfD,2025-03-25,,"Gärtnermeister, Gärtnertechniker",249,Schweinfurt,Landesliste,
424,11005415,Birgit Bessin,1978-03-26,weiblich,AfD,2025-03-25,,,65,Elbe-Elster – Oberspreewald-Lausitz,Direktwahl,
472,11005463,Boris Gamanov,1986-10-19,männlich,AfD,2025-03-25,,Wirtschaftsfachwirt,296,Saarbrücken,Landesliste,
577,11005567,Carina Schießl,1990-02-19,weiblich,AfD,2025-03-25,,,232,Regensburg,Landesliste,heartflamestudio.bsky.social
259,11005014,Carolin Bachmann,1988-09-03,weiblich,AfD,2025-03-25,,,160,Mittelsachsen,Direktwahl,
421,11005412,Carsten Becker,1990-01-20,männlich,AfD,2025-03-25,,Facharbeiter,297,Saarlouis,Landesliste,
451,11005442,Christian Douglas,1978-01-26,männlich,AfD,2025-03-25,,Dipl.-Kaufmann,180,Main-Taunus,Landesliste,crddouglas.bsky.social
560,11005550,Christian Reck,1987-11-16,männlich,AfD,2025-03-25,,"Kaufmann für Groß- und Außenhandel, B.A.",154,Meißen,Direktwahl,
624,11005615,Christian Zaum,1969-06-30,männlich,AfD,2025-03-25,,Gymnasiallehrer,147,Siegen-Wittgenstein,Landesliste,
481,11005472,Christoph Grimm,1957-04-03,männlich,AfD,2025-03-25,,Rechtsanwalt,13,Ludwigslust-Parchim II–Nordwestmecklenbg II–Landkr. RostockI,Direktwahl,pluna1107.bsky.social
452,11005443,Christopher Drößler,1995-09-26,männlich,AfD,2025-03-25,,Polizeibeamter,188,Eichsfeld – Nordhausen – Kyffhäuserkreis,Direktwahl,
617,11005608,Claudia Weiss,1975-02-07,weiblich,AfD,2025-03-25,,Pflegedienstleiterin,69,Magdeburg,Direktwahl,
536,11005526,Danny Meiners,1979-01-02,männlich,AfD,2025-03-25,,Metallbaumeister,31,Mittelems,Landesliste,
590,11005581,Dario Seifert,1994-04-02,männlich,AfD,2025-03-25,,Kaufmann für Bürokommunikation,15,Vorpommern-Rügen – Vorpommern-Greifswald I,Direktwahl,
551,11005541,Denis Pauli,1978-09-25,männlich,AfD,2025-03-25,,,,,Landesliste,marcpauli.bsky.social
627,11005618,Diana Zimmer,1998-07-09,weiblich,AfD,2025-03-25,,Betriebswirtin (B.Sc.),279,Pforzheim,Landesliste,
270,11005031,Dirk Brandes,1974-05-25,männlich,AfD,2025-03-25,,Industriekaufmann,43,Hannover-Land I,Landesliste,brandesino.bsky.social
186,11004724,Dr. Alexander Gauland,1941-02-20,männlich,AfD,2025-03-25,,"Staatssekretär a. D., Publizist",161,Chemnitz,Direktwahl,
622,11005613,Dr. Alexander Wolf,1967-04-19,männlich,AfD,2025-03-25,,Rechtsanwalt,20,Hamburg-Eimsbüttel,Landesliste,
245,11004930,Dr. Alice Weidel,1979-02-06,weiblich,AfD,2025-03-25,,"Dipl.-Kauffrau, Dipl.-Volkswirtin",293,Bodensee,Landesliste,
525,11005515,Dr. Anna Rathert,1977-04-29,weiblich,AfD,2025-03-25,,Rechtsanwältin,120,Recklinghausen I,Landesliste,
165,11004662,Dr. Bernd Baumann,1958-01-31,männlich,AfD,2025-03-25,,Kaufmann,19,Hamburg-Altona,Landesliste,
247,11004936,Dr. Christian Wirth,1963-04-27,männlich,AfD,2025-03-25,,Rechtsanwalt,,,Landesliste,
263,11005018,Dr. Christina Baum,1956-03-21,weiblich,AfD,2025-03-25,,Zahnärztin,68,Harz,Direktwahl,
427,11005418,Dr. Christoph Birghan,1970-06-23,männlich,AfD,2025-03-25,,Patentanwalt,224,Traunstein,Landesliste,
625,11005616,Dr. Daniel Zerbin,1973-02-01,männlich,AfD,2025-03-25,,Kriminalwissenschaftler,140,Herne – Bochum II,Landesliste,
178,11004698,Dr. Gottfried Curio,1960-09-02,männlich,AfD,2025-03-25,,,84,Berlin-Marzahn-Hellersdorf,Direktwahl,
185,11004722,Dr. Götz Frömming,1968-08-30,männlich,AfD,2025-03-25,,Gymnasiallehrer,56,Prignitz – Ostprignitz-Ruppin – Havelland I,Direktwahl,
311,11005099,Dr. Malte Kaufmann,1976-12-14,männlich,AfD,2025-03-25,,"Dipl.-Volkswirt, Unternehmer",274,Heidelberg,Landesliste,
522,11005512,Dr. Maximilian Krah,1977-01-28,männlich,AfD,2025-03-25,,Volljurist,162,Chemnitzer Umland – Erzgebirgskreis II,Direktwahl,krahmax.bsky.social
429,11005420,Dr. Michael Blos,1976-03-03,männlich,AfD,2025-03-25,,Dipl. Geologe,283,Emmendingen – Lahr,Landesliste,
182,11004711,Dr. Michael Espendiller,1989-05-05,männlich,AfD,2025-03-25,,"Mathematiker, Volkswirt",125,Borken II,Landesliste,
582,11005572,Dr. Paul Schmidt,1966-01-04,männlich,AfD,2025-03-25,,Physiker,,,Landesliste,
203,11004792,Dr. Rainer Kraft,1974-01-08,männlich,AfD,2025-03-25,,Dipl.-Chemiker,,,Landesliste,
406,11005305,Dr. Rainer Rothfuß,1971-04-19,männlich,AfD,2025-03-25,,Geopolitik-Analyst,256,Oberallgäu,Landesliste,
348,11005166,Edgar Naujok,1960-06-25,männlich,AfD,2025-03-25,,Unternehmer,153,Leipzig-Land,Direktwahl,
200,11004787,Enrico Komning,1968-08-06,männlich,AfD,2025-03-25,,Rechtsanwalt,16,Mecklenburgische Seenplatte I – Vorpommern-Greifswald II ,Direktwahl,
442,11005433,Erhard Brucker,1972-10-28,männlich,AfD,2025-03-25,,Unternehmer,228,Passau,Landesliste,
195,11004767,Fabian Jacobi,1973-06-19,männlich,AfD,2025-03-25,,Rechtsanwalt,92,Köln I,Landesliste,
586,11005577,Georg Schroeter,1950-08-26,männlich,AfD,2025-03-25,,Diplom-Ingenieur; selbständig,144,Hamm – Unna II,Landesliste,
268,11005029,Gereon Bollmann,1953-11-20,männlich,AfD,2025-03-25,,Richter am Oberlandesgericht a. D.,4,Rendsburg-Eckernförde,Landesliste,
218,11004846,Gerold Otten,1955-12-07,männlich,AfD,2025-03-25,,Berufssoldat a. D.,220,München-Land,Landesliste,
306,11005091,Gerrit Huy,1953-05-13,weiblich,AfD,2025-03-25,,Diplommathematikerin,225,Weilheim,Landesliste,
290,11005066,Hannes Gnauck,1991-08-08,männlich,AfD,2025-03-25,,Soldat auf Zeit,57,Uckermark – Barnim I,Direktwahl,
478,11005469,Hans-Jürgen Goßner,1970-11-17,männlich,AfD,2025-03-25,,"Industriemeister für Elektrotechnik (IHK), Technischer Einkäufer",263,Göppingen,Landesliste,
467,11005458,Hauke Finger,1968-08-17,männlich,AfD,2025-03-25,,Bankbetriebswirt,113,Krefeld II – Wesel II,Landesliste,
512,11005502,Heinrich Koch,1962-03-08,männlich,AfD,2025-03-25,,Sachverständiger für Unfallrekonstruktion,275,Mannheim,Landesliste,fparan.bsky.social
545,11005535,Iris Nieland,1960-06-20,weiblich,AfD,2025-03-25,,,209,Pirmasens,Landesliste,
464,11005455,Jan Feser,1985-03-01,männlich,AfD,2025-03-25,,Sozialjurist,177,Rheingau-Taunus – Limburg,Landesliste,
215,11004842,Jan Ralf Nolte,1988-12-30,männlich,AfD,2025-03-25,,Soldat,166,Waldeck,Landesliste,
372,11005210,Jan Wenzel Schmidt,1991-10-08,männlich,AfD,2025-03-25,,Handelsfachwirt,67,Börde – Salzlandkreis,Direktwahl,
428,11005419,Joachim Bloch,1963-08-02,männlich,AfD,2025-03-25,,Rechtsanwalt,285,Rottweil – Tuttlingen,Landesliste,
188,11004739,Jochen Haug,1973-01-11,männlich,AfD,2025-03-25,,Rechtsanwalt,94,Köln III,Landesliste,
532,11005522,Johann Martel,1979-02-16,männlich,AfD,2025-03-25,,Technischer Fachwirt,276,Odenwald – Tauber,Landesliste,
579,11005569,Julian Schmidt,1989-12-10,männlich,AfD,2025-03-25,,Wirtschaftsingenieur,170,Marburg,Landesliste,jvigil.bsky.social
628,11005619,Jörg Zirwes,1968-03-20,männlich,AfD,2025-03-25,,Berufssoldat a. D.,199,Mosel/Rhein-Hunsrück,Landesliste,
201,11004788,Jörn König,1967-10-29,männlich,AfD,2025-03-25,,"IT-Unternehmensberater, Dipl.-Ing. (MBA)",41,Stadt Hannover I,Landesliste,
513,11005503,Jürgen Koegel,1958-09-26,männlich,AfD,2025-03-25,,Dipl.-Bankbetriebswirt ADG,267,Heilbronn,Landesliste,
192,11004752,Karsten Hilse,1964-12-12,männlich,AfD,2025-03-25,,Polizeibeamter,155,Bautzen I,Direktwahl,
187,11004731,Kay Gottschalk,1965-12-12,männlich,AfD,2025-03-25,,Dipl.-Kaufmann,110,Viersen,Landesliste,
401,11005265,Kay-Uwe Ziegler,1963-10-27,männlich,AfD,2025-03-25,,Kaufmann / Geschäftsführer Textilhandel,73,Mansfeld,Direktwahl,
557,11005547,Kerstin Przygodda,1962-08-15,weiblich,AfD,2025-03-25,,Angestellte,11,Lübeck,Landesliste,
538,11005528,Knuth Meyer-Soltau,1965-03-13,männlich,AfD,2025-03-25,,Rechtsanwalt und Fachanwalt für Strafrecht,139,Bochum I,Landesliste,
507,11005498,Kurt Kleinschmidt,1967-02-07,männlich,AfD,2025-03-25,,Pensionär (Soldat a. D.),2,Nordfriesland – Dithmarschen Nord,Landesliste,
487,11005478,Lars Haise,1989-03-23,männlich,AfD,2025-03-25,,Lokomotivführer,264,Waiblingen,Landesliste,
576,11005566,Lars Schieske,1977-01-01,männlich,AfD,2025-03-25,,,64,Cottbus – Spree-Neiße,Direktwahl,
194,11004761,Leif-Erik Holm,1970-08-01,männlich,AfD,2025-03-25,,Ökonom (M. Sc.),12,Schwerin – Ludwigslust-Parchim I – Nordwestmecklenburg I,Direktwahl,
562,11005552,Lukas Rehm,1990-02-05,männlich,AfD,2025-03-25,,Personalsachbearbeiter,215,Ingolstadt,Landesliste,
408,11005315,Manfred Schiller,1961-09-23,männlich,AfD,2025-03-25,,"Radio- und Fernsehtechniker, selbstständig",234,Weiden,Landesliste,
523,11005513,Manuel Krauthausen,1992-05-12,männlich,AfD,2025-03-25,,"Schornsteinfeger, Gebäude-Energieberater",,,Landesliste,
166,11004669,Marc Bernhard,1972-02-05,männlich,AfD,2025-03-25,,"Rechtsanwalt, MBA",271,Karlsruhe-Stadt,Landesliste,
558,11005548,Marcel Queckemeyer,1980-09-14,männlich,AfD,2025-03-25,,Industriekaufmann (Vertriebsleiter),38,Osnabrück-Land,Landesliste,
175,11004687,Marcus Bühl,1977-04-29,männlich,AfD,2025-03-25,,Dipl.-Informatiker (M. Sc.) (FH),191,Gotha – Ilm-Kreis,Direktwahl,
184,11004721,Markus Frohnmaier,1991-02-25,männlich,AfD,2025-03-25,,Pressesprecher,260,Böblingen,Landesliste,
533,11005523,Markus Matzerath,1970-12-03,männlich,AfD,2025-03-25,,Polizeivollzugsbeamter i.d. Bundespolizei,,,Landesliste,
226,11004862,Martin Erwin Renner,1954-05-05,männlich,AfD,2025-03-25,,Dipl.-Betriebswirt,103,Mettmann I,Landesliste,
191,11004749,Martin Hess,1971-01-11,männlich,AfD,2025-03-25,,Polizeihauptkommissar a. D.,265,Ludwigsburg,Landesliste,
225,11004859,Martin Reichardt,1969-07-30,männlich,AfD,2025-03-25,,"Offizier, Dipl.-Pädagoge",72,Burgenland – Saalekreis,Direktwahl,americanwatr.bsky.social
236,11004892,Martin Sichert,1980-06-10,männlich,AfD,2025-03-25,,Dipl.-Kaufmann,26,Friesland – Wilhelmshaven – Wittmund,Landesliste,
505,11005496,Martina Kempf,1964-03-31,weiblich,AfD,2025-03-25,,Juristin,281,Freiburg,Landesliste,
606,11005597,Martina Uhr,1961-03-26,weiblich,AfD,2025-03-25,,Medizinische Fachkraft,25,Unterems,Landesliste,
616,11005607,Mathias Weiser,1986-12-05,männlich,AfD,2025-03-25,,kaufmännischer Leiter,165,Vogtlandkreis,Direktwahl,
300,11005079,Matthias Helferich,1988-10-14,männlich,AfD,2025-03-25,,Rechtsanwalt,142,Dortmund II,Landesliste,
342,11005157,Matthias Moosdorf,1965-04-20,männlich,AfD,2025-03-25,,"Musiker, Hochschullehrer",164,Zwickau,Direktwahl,
565,11005555,Matthias Rentzsch,1977-09-23,männlich,AfD,2025-03-25,,,159,Dresden II – Bautzen II,Direktwahl,
508,11005499,Maximilian Kneller,1993-10-20,männlich,AfD,2025-03-25,,Wissenschaftlicher Mitarbeiter,131,Bielefeld – Gütersloh II,Landesliste,
463,11005454,Micha Fehre,1997-04-18,männlich,AfD,2025-03-25,,Unternehmer,42,Stadt Hannover II,Landesliste,
488,11005479,Mirco Hanker,1966-02-02,männlich,AfD,2025-03-25,,Dipl.-Kaufmann,50,Braunschweig,Landesliste,
492,11005483,Nicole Hess,1973-07-22,weiblich,AfD,2025-03-25,,"Industriekauffrau, Purser, Synchronsprecher",,,Landesliste,
193,11004753,Nicole Höchst,1970-02-10,weiblich,AfD,2025-03-25,,,200,Kreuznach,Landesliste,nicolehoechst-mdb.bsky.social
495,11005486,Olaf Hilmer,1972-02-17,männlich,AfD,2025-03-25,,Dipl.-Logistiker,,,Landesliste,svenolafhilmer.bsky.social
595,11005586,Otto Strauß,1954-02-19,männlich,AfD,2025-03-25,,Dachdeckermeister in Rente,,,Landesliste,
171,11004675,Peter Boehringer,1969-04-06,männlich,AfD,2025-03-25,,"Publizist, Kaufmann",231,Amberg,Landesliste,
432,11005423,Peter Bohnhof,1962-12-14,männlich,AfD,2025-03-25,,Rechtsanwalt,,,Landesliste,
183,11004714,Peter Felser,1969-09-20,männlich,AfD,2025-03-25,,Unternehmer,,,Landesliste,
527,11005517,Pierre Lamely,1981-01-12,männlich,AfD,2025-03-25,,"Heizungsmonteur, Assistent EU-Parlament (beurlaubt)",173,Fulda,Landesliste,
485,11005476,Prof. Dr. Ingo Hahn,1971-01-28,männlich,AfD,2025-03-25,,Professor,222,Bad Tölz-Wolfratshausen – Miesbach,Landesliste,
312,11005100,Prof. Dr. Michael Kaufmann,1964-04-21,männlich,AfD,2025-03-25,,"Ingenieur, Hochschullehrer",194,Saalfeld-Rudolstadt – Saale-Holzland-Kreis – Saale-Orla-Kreis,Direktwahl,
574,11005564,Raimond Scheirich,1990-03-21,männlich,AfD,2025-03-25,,Umweltingenieur,251,Augsburg-Stadt,Landesliste,
471,11005462,Rainer Galla,1961-09-23,männlich,AfD,2025-03-25,,Volljurist,63,Frankfurt (Oder) – Oder-Spree,Direktwahl,
482,11005473,Rainer Groß,1960-08-09,männlich,AfD,2025-03-25,,Rechtsanwalt,,,Landesliste,rakaiser.bsky.social
541,11005531,Reinhard Mixl,1961-01-11,männlich,AfD,2025-03-25,,"Dipl.-Betriebswirt (FH), Wirtschaftsberater",233,Schwandorf,Landesliste,
267,11005026,René Bochmann,1969-02-04,männlich,AfD,2025-03-25,,Bürokaufmann,150,Nordsachsen,Direktwahl,
238,11004900,René Springer,1979-07-15,männlich,AfD,2025-03-25,,Politikwissenschaftler,59,Märkisch-Oderland – Barnim II,Direktwahl,
600,11005591,Robert Teske,1990-03-08,männlich,AfD,2025-03-25,,,195,Suhl – Schmalkalden-Meiningen – Hildburghausen – Sonneberg,Direktwahl,
502,11005493,Robin Jünger,1996-07-10,männlich,AfD,2025-03-25,,"Unternehmer, gelernter Kaufmann",172,Gießen,Landesliste,
506,11005497,Rocco Kever,1979-12-31,männlich,AfD,2025-03-25,,Stellv. Geschäftsführer,40,Nienburg II – Schaumburg,Landesliste,
477,11005468,Ronald Gläser,1973-12-16,männlich,AfD,2025-03-25,,Journalist,75,Berlin-Pankow,Landesliste,
571,11005561,Ruben Rupp,1990-05-28,männlich,AfD,2025-03-25,,Gelernter Kaufmann im Einzelhandel / Wissenschaftlicher Referent,269,Backnang – Schwäbisch Gmünd,Landesliste,
207,11004807,Rüdiger Lucassen,1951-08-19,männlich,AfD,2025-03-25,,Mitglied des Deutschen Bundestag,91,Euskirchen – Rhein-Erft-Kreis II,Landesliste,
530,11005520,Sascha Lensing,1973-09-13,männlich,AfD,2025-03-25,,Polizeibeamter,115,Duisburg II,Landesliste,
531,11005521,Sebastian Maack,1969-06-21,männlich,AfD,2025-03-25,,Dipl.-Wirtschaftsingenieur,76,Berlin-Reinickendorf,Landesliste,
214,11004836,Sebastian Münzenmaier,1989-07-02,männlich,AfD,2025-03-25,,Finanzanlagen- und Versicherungsfachmann (IHK),208,Kaiserslautern,Landesliste,
539,11005529,Sergej Minich,1987-03-18,männlich,AfD,2025-03-25,,,54,Bremen I,Landesliste,
509,11005500,Sieghard Knodel,1961-02-13,männlich,AfD,2025-03-25,,"Betriebswirt, Landmaschinenmeister",,,Landesliste,
489,11005480,Stefan Henze,1965-07-17,männlich,AfD,2025-03-25,,Finanz/Bilanzbuchhalter,47,Hannover-Land II,Landesliste,
198,11004778,Stefan Keuter,1972-08-19,männlich,AfD,2025-03-25,,Bankkaufmann,119,Essen III,Landesliste,
542,11005532,Stefan Möller,1975-03-23,männlich,AfD,2025-03-25,,"Rechtsanwalt, Syndikusrechtsanwalt",189,Eisenach – Wartburgkreis – Unstrut-Hainich-Kreis,Direktwahl,
585,11005576,Stefan Schröder,1983-05-30,männlich,AfD,2025-03-25,,Historiker,190,Jena – Sömmerda – Weimarer Land I,Direktwahl,stefan56plus.bsky.social
307,11005092,Steffen Janich,1971-01-22,männlich,AfD,2025-03-25,,Polizist,157,Sächsische Schweiz-Osterzgebirge,Direktwahl,
202,11004791,Steffen Kotré,1971-04-29,männlich,AfD,2025-03-25,,Dipl.-Ingenieur,62,Dahme-Spreewald – Teltow-Fläming III,Direktwahl,
172,11004678,Stephan Brandner,1966-05-29,männlich,AfD,2025-03-25,,"Rechtsanwalt, Industriekaufmann",193,Gera – Greiz – Altenburger Land,Direktwahl,schwachi.bsky.social
224,11004858,Stephan Protschka,1977-11-08,männlich,AfD,2025-03-25,,selbständig,229,Rottal-Inn,Landesliste,
618,11005609,Sven Wendorf,1972-02-14,männlich,AfD,2025-03-25,,Verwaltungsfachangestellter,8,Segeberg – Stormarn-Mitte,Landesliste,
277,11005042,Thomas Dietz,1967-03-12,männlich,AfD,2025-03-25,,MdB,163,Erzgebirgskreis I,Direktwahl,thomasdietz.bsky.social
465,11005456,Thomas Fetsch,1969-07-07,männlich,AfD,2025-03-25,,,187,Bergstraße,Landesliste,
519,11005509,Thomas Korell,1983-07-29,männlich,AfD,2025-03-25,,Dachdecker,66,Altmark – Jerichower Land,Direktwahl,
526,11005516,Thomas Ladzinski,1989-03-16,männlich,AfD,2025-03-25,,"Dipl.-Ingenieur, Projektleiter Digitalisierung",158,Dresden I,Direktwahl,
594,11005585,Thomas Stephan,1970-08-20,männlich,AfD,2025-03-25,,Versicherungs- und Finanzanlagenfachmann,207,Neustadt – Speyer,Landesliste,thomasstephan.bsky.social
177,11004695,Tino Chrupalla,1975-04-14,männlich,AfD,2025-03-25,,Maler- und Lackierermeister,156,Görlitz,Direktwahl,tinochrupalla.bsky.social
455,11005446,Tobias Ebenberger,1990-08-02,männlich,AfD,2025-03-25,,Content Creator,96,Rhein-Sieg-Kreis I,Landesliste,
220,11004850,Tobias Matthias Peterka,1982-09-04,männlich,AfD,2025-03-25,,Jurist,236,Bayreuth,Landesliste,
599,11005590,Tobias Teich,1984-01-06,männlich,AfD,2025-03-25,,"Außenhandelskaufmann, Versicherungsfachmann",217,München-Ost,Landesliste,
438,11005429,Torben Braga,1991-08-27,männlich,AfD,2025-03-25,,Politikwissenschaftler,,,Landesliste,
189,11004743,Udo Theodor Hemmelgarn,1959-05-04,männlich,AfD,2025-03-25,,"Bauträger, Immobilienentwickler",134,Lippe I,Landesliste,
630,11005621,Ulrich Zons,1968-09-11,männlich,AfD,2025-03-25,,Rechtsanwalt,145,Soest,Landesliste,
228,11004873,Ulrike Schielke-Ziesing,1969-06-17,weiblich,AfD,2025-03-25,,"Deutsche Rentenversicherung, gehobener Dienst",17,Mecklenburgische Seenplatte II – Landkreis Rostock III,Direktwahl,
235,11004888,Uwe Schulz,1961-12-12,männlich,AfD,2025-03-25,,Leitender Angestellter,,,Landesliste,reviersteiger.bsky.social
575,11005565,Volker Scheurell,1967-01-01,männlich,AfD,2025-03-25,,"Tischler, Dachdecker",70,Anhalt – Dessau – Wittenberg,Direktwahl,
246,11004933,Wolfgang Wiehle,1964-10-20,männlich,AfD,2025-03-25,,Dipl.-Informatiker,218,München-Süd,Landesliste,
76,11004106,Agnes Malczak,1985-02-08,weiblich,Grünen,2025-03-25,,,294,Ravensburg,Landesliste,
258,11005011,Andreas Audretsch,1984-06-25,männlich,Grünen,2025-03-25,,Sozialwissenschaftler,81,Berlin-Neukölln,Landesliste,andreasaudretsch.de
91,11004245,Annalena Baerbock,1980-12-15,weiblich,Grünen,2025-03-25,,Völkerrechtlerin,61,Potsdam – Potsdam-Mittelmark II – Teltow-Fläming II,Landesliste,albaerbock.bsky.social
383,11005237,Awet Tesfaiesus,1974-10-05,weiblich,Grünen,2025-03-25,,Rechtsanwältin,168,Werra-Meißner – Hersfeld-Rotenburg,Landesliste,awettesfaiesus.bsky.social
414,11005405,Ayse Asar,1975-12-19,weiblich,Grünen,2025-03-25,,Rechtsanwältin,177,Rheingau-Taunus – Limburg,Landesliste,ayseasar.bsky.social
341,11005155,Boris Mijatović,1974-02-04,männlich,Grünen,2025-03-25,,Angestellter,167,Kassel,Landesliste,boris-mijatovic.bsky.social
40,11003764,Britta Haßelmann,1961-12-10,weiblich,Grünen,2025-03-24,,Sozialarbeiterin,131,Bielefeld – Gütersloh II,Landesliste,britta-hasselmann.de
321,11005111,Chantal Kopf,1995-03-20,weiblich,Grünen,2025-03-25,,Politikwissenschaftlerin,281,Freiburg,Direktwahl,chantalkopf.bsky.social
212,11004830,Claudia Müller,1981-08-10,weiblich,Grünen,2025-03-25,,Betriebswirtin,15,Vorpommern-Rügen – Vorpommern-Greifswald I,Landesliste,gruenclaudia.bsky.social
11,11003212,Claudia Roth,1955-05-15,weiblich,Grünen,2025-03-25,,,251,Augsburg-Stadt,Landesliste,claudiaroth.bsky.social
133,11004390,Corinna Rüffer,1975-10-11,weiblich,Grünen,2025-03-25,,Poltikerin,202,Trier,Landesliste,corinna-rueffer.de
280,11005045,Deborah Düring,1994-07-18,weiblich,Grünen,2025-03-25,,,181,Frankfurt am Main I,Landesliste,deborah-duering.de
329,11005133,Denise Loop,1994-05-19,weiblich,Grünen,2025-03-25,,Sozialarbeiterin,2,Nordfriesland – Dithmarschen Nord,Landesliste,denisegatito.bsky.social
410,11005401,Dr. Alaa Alhamwi,1984-04-17,männlich,Grünen,2025-03-25,,Energieforscher,27,Oldenburg – Ammerland,Landesliste,alaa-alhamwi.bsky.social
25,11003585,Dr. Anna Lührmann,1983-06-14,weiblich,Grünen,2025-03-25,,Politikwissenschaftlerin,180,Main-Taunus,Landesliste,
41,11003772,Dr. Anton Hofreiter,1970-02-02,männlich,Grünen,2025-03-25,,Biologe,220,München-Land,Landesliste,
92,11004255,Dr. Franziska Brantner,1979-08-24,weiblich,Grünen,2025-03-25,,Sozialwissenschaftlerin,274,Heidelberg,Landesliste,
123,11004353,Dr. Irene Mihalic,1976-11-17,weiblich,Grünen,2025-03-24,,Polizeibeamtin,122,Gelsenkirchen,Landesliste,
289,11005065,Dr. Jan-Niclas Gesenhues,1990-02-12,männlich,Grünen,2025-03-25,,"Volkswirt, MdB",127,Steinfurt III,Landesliste,
252,11004962,Dr. Janosch Dahmen,1981-09-06,männlich,Grünen,2025-03-25,,Arzt,138,Ennepe-Ruhr-Kreis II,Landesliste,
149,11004429,Dr. Julia Verlinden,1979-01-18,weiblich,Grünen,2025-03-25,,Dipl.-Umweltwissenschaftlerin,37,Lüchow-Dannenberg – Lüneburg,Landesliste,wunderlicher.bsky.social
197,11004773,Dr. Kirsten Kappert-Gonther,1966-11-03,weiblich,Grünen,2025-03-25,,Fachärztin für Psychatrie und Psychotherapie,54,Bremen I,Landesliste,
79,11004123,Dr. Konstantin Notz,1971-01-21,männlich,Grünen,2025-03-25,,Rechtsanwalt,10,Herzogtum Lauenburg – Stormarn-Süd,Landesliste,
483,11005474,Dr. Lena Gumnior,1992-12-10,weiblich,Grünen,2025-03-25,,Juristin/Rechtsanwältin,34,Osterholz – Verden,Landesliste,
493,11005484,Dr. Moritz Heuberger,1991-02-11,männlich,Grünen,2025-03-25,,Verwaltungswissenschaftler,80,Berlin-Tempelhof-Schöneberg,Direktwahl,
349,11005167,Dr. Ophelia Nick,1973-01-24,weiblich,Grünen,2025-03-25,,"Tierärztin, Bundestagsabgeordnete",104,Mettmann II,Landesliste,
354,11005180,Dr. Paula Piechotta,1986-09-19,weiblich,Grünen,2025-03-25,,Ärztin,152,Leipzig II,Landesliste,paulapiechotta.de
297,11005074,Dr. Robert Habeck,1969-09-02,männlich,Grünen,2025-03-25,,Schriftsteller,1,Flensburg – Schleswig,Landesliste,
275,11005039,Dr. Sandra Detzer,1980-04-21,weiblich,Grünen,2025-03-25,,Politikwissenschaftlerin,265,Ludwigsburg,Landesliste,sandradetzer.bsky.social
367,11005201,Dr. Sebastian Schäfer,1979-07-11,männlich,Grünen,2025-03-25,,Wirtschaftswissenschaftler,261,Esslingen,Landesliste,
378,11005228,Dr. Till Steffen,1973-07-22,männlich,Grünen,2025-03-25,,Rechtsanwalt,20,Hamburg-Eimsbüttel,Direktwahl,
336,11005145,Dr. Zoe Mayer,1995-08-07,weiblich,Grünen,2025-03-25,,Doktorin der Ingenieurwissenschaften (Dr.-Ing.),271,Karlsruhe-Stadt,Direktwahl,zoegruene.bsky.social
261,11005016,Felix Banaszak,1989-10-24,männlich,Grünen,2025-03-25,,,115,Duisburg II,Landesliste,
223,11004857,Filiz Polat,1978-07-11,weiblich,Grünen,2025-03-25,,Dipl.-Volkswirtin,38,Osnabrück-Land,Landesliste,filiz-polat.de
380,11005230,Hanna Steinmüller,1993-04-09,weiblich,Grünen,2025-03-25,,Sozialwissenschaftlerin,74,Berlin-Mitte,Direktwahl,hanna-steinmueller.de
88,11004215,Harald Ebner,1964-07-08,männlich,Grünen,2025-03-25,,Agraringenieur,268,Schwäbisch Hall – Hohenlohe,Landesliste,ebnerharald.bsky.social
328,11005132,Helge Limburg,1982-10-25,männlich,Grünen,2025-03-25,,Dipl.-Jurist,46,Hameln-Pyrmont – Holzminden,Landesliste,helgelimburg.bsky.social
366,11005200,Jamila Schäfer,1993-04-30,weiblich,Grünen,2025-03-25,,Studentin der Soziologie,218,München-Süd,Landesliste,jamilaschaefer.bsky.social
449,11005440,Jeanne Dillschneider,1995-12-27,weiblich,Grünen,2025-03-25,,Rechtsanwältin,296,Saarbrücken,Landesliste,jeanne-marie-aline.bsky.social
391,11005248,Johannes Wagner,1991-08-01,männlich,Grünen,2025-03-25,,Arzt,237,Coburg,Landesliste,yoohannes.bsky.social
583,11005573,Julia Schneider,1990-03-05,weiblich,Grünen,2025-03-25,,Regierungsrätin a. D.,75,Berlin-Pankow,Direktwahl,jujuschneides.bsky.social
501,11005492,Julian Joswig,1993-10-14,männlich,Grünen,2025-03-25,,Wirtschaftswissenschaftler,199,Mosel/Rhein-Hunsrück,Landesliste,julianjo.bsky.social
262,11005017,Karl Bär,1985-03-13,männlich,Grünen,2025-03-25,,Agrarökonom,222,Bad Tölz-Wolfratshausen – Miesbach,Landesliste,karlbaer.bsky.social
350,11005172,Karoline Otte,1996-09-11,weiblich,Grünen,2025-03-25,,Kreisinspektorin,52,Goslar – Northeim – Göttingen II,Landesliste,
364,11005197,Kassem Taher Saleh,1993-06-01,männlich,Grünen,2025-03-25,,Bauingenieur,158,Dresden I,Landesliste,kassemtahersaleh.bsky.social
264,11005019,Katharina Beck,1982-04-13,weiblich,Grünen,2025-03-25,,Unternehmensberaterin für Nachhaltigkeit,21,Hamburg-Nord,Landesliste,katharinabeck.bsky.social
96,11004263,Katharina Dröge,1984-09-16,weiblich,Grünen,2025-03-24,,Volkswirtin,94,Köln III,Direktwahl,katharinadroege.bsky.social
8,11003132,Katrin Dagmar Göring-Eckardt,1966-05-03,weiblich,Grünen,2025-03-25,,MdB,192,Erfurt – Weimar – Weimarer Land II,Landesliste,
386,11005242,Katrin Uhlig,1982-07-05,weiblich,Grünen,2025-03-25,,Dipl.-Kulturwirtin,95,Bonn,Landesliste,katrinuhlig.bsky.social
309,11005095,Lamya Kaddor,1978-06-11,weiblich,Grünen,2025-03-25,,"Islamwissenschaftlerin, Lehrerin für islamischen Religionsunterricht, Publizistin",114,Duisburg I,Landesliste,lamyakaddor.bsky.social
281,11005047,Leon Eckert,1995-04-09,männlich,Grünen,2025-03-25,,Kommunalreferent,213,Freising,Landesliste,leon-eckert.de
299,11005078,Linda Heitmann,1982-08-02,weiblich,Grünen,2025-03-25,,Geschäftsführung in der Suchtkrankenhilfe,19,Hamburg-Altona,Direktwahl,linda-altona.bsky.social
164,11004659,Lisa Badum,1983-10-02,weiblich,Grünen,2025-03-25,,Politikwissenschaftlerin,235,Bamberg,Landesliste,lisa-badum.de
81,11004127,Lisa Paus,1968-09-19,weiblich,Grünen,2025-03-25,,,79,Berlin-Charlottenburg-Wilmersdorf,Landesliste,lisapaus.bsky.social
90,11004243,Luise Amtsberg,1984-10-17,weiblich,Grünen,2025-03-25,,,5,Kiel,Direktwahl,luiseamtsberg.bsky.social
265,11005022,Lukas Benner,1996-02-20,männlich,Grünen,2025-03-25,,Jurist,86,Aachen I,Landesliste,noraschulte.bsky.social
253,11004969,Marcel Emmerich,1991-05-12,männlich,Grünen,2025-03-25,,Wissenschaftlicher Referent,291,Ulm,Landesliste,herremmerich.bsky.social
373,11005212,Marlene Schönberger,1990-12-06,weiblich,Grünen,2025-03-25,,Politikwissenschaftlerin (M. A.),229,Rottal-Inn,Landesliste,marleneschonberger.bsky.social
104,11004278,Matthias Gastel,1970-12-26,männlich,Grünen,2025-03-25,,,262,Nürtingen,Landesliste,matthias-gastel.de
330,11005134,Max Lucks,1997-04-19,männlich,Grünen,2025-03-25,,Sozialwissenschaftler (B.A.),139,Bochum I,Landesliste,
313,11005102,Michael Kellner,1977-05-08,männlich,Grünen,2025-03-25,,Politiker,57,Uckermark – Barnim I,Landesliste,mikellner.bsky.social
315,11005104,Misbah Khan,1989-12-04,weiblich,Grünen,2025-03-25,,,207,Neustadt – Speyer,Landesliste,misbahkhan.bsky.social
388,11005245,Niklas Wagener,1998-04-16,männlich,Grünen,2025-03-25,,Abgeordneter,246,Aschaffenburg,Landesliste,niklaswagener.bsky.social
377,11005224,Nyke Slawik,1994-01-07,weiblich,Grünen,2025-03-25,,Bundestagsabgeordnete,100,Leverkusen – Köln IV,Landesliste,nykeslawik.bsky.social
52,11003881,Omid Nouripour,1975-06-18,männlich,Grünen,2025-03-25,,"Selbstständiger Berater (Tätigkeit ruht, solange MdB)",182,Frankfurt am Main II,Landesliste,nouripour.bsky.social
359,11005187,Prof. Dr. Anja Reinalter,1970-05-01,weiblich,Grünen,2025-03-25,,Professorin für Soziale Arbeit,292,Biberach,Landesliste,
294,11005070,Prof. Dr. Armin Grau,1959-03-18,männlich,Grünen,2025-03-25,,Arzt,206,Ludwigshafen/Frankenthal,Landesliste,
529,11005519,Rebecca Lenhard,1995-05-24,weiblich,Grünen,2025-03-25,,IT-Beraterin,243,Nürnberg-Nord,Landesliste,rebecca-lenhard.bsky.social
325,11005121,Ricarda Lang,1994-01-17,weiblich,Grünen,2025-03-25,,Abgeordnete,269,Backnang – Schwäbisch Gmünd,Landesliste,ricardalang.bsky.social
389,11005246,Robin Wagener,1980-08-16,männlich,Grünen,2025-03-25,,Richter,134,Lippe I,Landesliste,robinwagener.bsky.social
593,11005584,Sandra Stein,1986-10-22,weiblich,Grünen,2025-03-25,,Unternehmerin,146,Hochsauerlandkreis,Landesliste,sandrastein.bsky.social
346,11005164,Sara Nanni,1987-05-29,weiblich,Grünen,2025-03-25,,Friedens- und Konfliktforscherin,106,Düsseldorf II,Landesliste,sarananni.bsky.social
344,11005162,Sascha Müller,1970-04-24,männlich,Grünen,2025-03-25,,Sportjournalist,244,Nürnberg-Süd,Landesliste,saschamk.bsky.social
287,11005059,Schahina Gambir,1991-06-06,weiblich,Grünen,2025-03-25,,,133,Minden-Lübbecke I,Landesliste,schahinagambir.bsky.social
468,11005459,Simone Fischer,1979-06-24,weiblich,Grünen,2025-03-25,,Beamtin,258,Stuttgart I,Direktwahl,simonefischer258.bsky.social
230,11004877,Stefan Schmidt,1981-05-19,männlich,Grünen,2025-03-25,,Lehrer,232,Regensburg,Landesliste,stefanschmidt.bsky.social
2,11002720,Steffi Lemke,1968-01-19,weiblich,Grünen,2025-03-25,,Dipl.-Agraringenieurin,70,Anhalt – Dessau – Wittenberg,Landesliste,steffi-lemke.de
205,11004801,Sven Lehmann,1979-12-04,männlich,Grünen,2025-03-25,,,93,Köln II,Direktwahl,sven-lehmann.eu
338,11005152,Swantje Henrike Michaelsen,1979-10-04,weiblich,Grünen,2025-03-25,,Historikerin M. A.,42,Stadt Hannover II,Landesliste,
566,11005556,Sylvia Rietenberg,1965-07-20,weiblich,Grünen,2025-03-25,,Dipl.-Sozialarbeiterin,128,Münster,Direktwahl,
411,11005402,Tarek Al-Wazir,1971-01-03,männlich,Grünen,2025-03-25,,Dipl.-Politologe,184,Offenbach,Landesliste,
454,11005445,Timon Dzienus,1996-05-25,männlich,Grünen,2025-03-25,,Politikwissenschaftler,41,Stadt Hannover I,Landesliste,dzienus.bsky.social
397,11005259,Tina Winklmann,1980-02-26,weiblich,Grünen,2025-03-25,,Verfahrensmechanikerin für Kunststoff- und Kautschuktechnik,233,Schwandorf,Landesliste,
136,11004395,Ulle Schauws,1966-04-30,weiblich,Grünen,2025-03-25,,Film- und Fernsehwissenschaftlerin,113,Krefeld II – Wesel II,Landesliste,ulleschauws.bsky.social
441,11005432,Victoria Broßart,1992-09-24,weiblich,Grünen,2025-03-25,,Ingenieurin,221,Rosenheim,Landesliste,victoriabrossart.bsky.social
607,11005598,Aaron Valent,1997-03-14,männlich,Die LINKE,2025-03-25,,Ausbildung zum Rechtsanwaltsfachangestellten,250,Würzburg,Landesliste,
446,11005437,Agnes Conrad,1997-10-29,weiblich,Die LINKE,2025-03-25,,Konzernbetriebsratsreferentin,249,Schweinfurt,Landesliste,
626,11005617,Anne Zerr,1993-07-21,weiblich,Die LINKE,2025-03-25,,Gewerkschaftssekretärin,289,Reutlingen,Landesliste,
439,11005430,Anne-Mieke Bremer,1991-10-31,weiblich,Die LINKE,2025-03-25,,Sozialarbeiterin,40,Nienburg II – Schaumburg,Landesliste,koffeinpiratin.dielinkebt.de
296,11005073,Ates Gürpinar,1984-09-25,männlich,Die LINKE,2025-03-25,,,221,Rosenheim,Landesliste,atesguerpinar.dielinkebt.de
48,11003824,Bodo Ramelow,1956-02-16,männlich,Die LINKE,2025-03-25,,Kaufmann,192,Erfurt – Weimar – Weimarer Land II,Direktwahl,bodoramelow.bsky.social
515,11005505,Cansin Köktürk,1993-06-13,weiblich,Die LINKE,2025-03-25,,Sozialarbeiterin,139,Bochum I,Landesliste,
548,11005538,Cansu Özdemir,1988-09-08,weiblich,Die LINKE,2025-03-25,,,,,Landesliste,cansuyavuzer.bsky.social
73,11004088,Caren Lay,1972-12-11,weiblich,Die LINKE,2025-03-25,,Dipl.-Soziologin,155,Bautzen I,Landesliste,carenlay.bsky.social
499,11005490,Cem Ince,1993-12-09,männlich,Die LINKE,2025-03-25,,Elektroniker für Automatisierungstechnik,49,Salzgitter – Wolfenbüttel,Landesliste,cembeyinizm.bsky.social
544,11005534,Charlotte Antonia Neuhäuser,1998-11-25,weiblich,Die LINKE,2025-03-25,,Studentin,136,Paderborn,Landesliste,
291,11005067,Christian Görke,1962-03-17,männlich,Die LINKE,2025-03-25,,Lehrer für Sport und Geschichte,64,Cottbus – Spree-Neiße,Landesliste,christiangoerke.dielinkebt.de
620,11005611,Christin Willnat,1986-04-03,weiblich,Die LINKE,2025-03-25,,Übersetzerin und Integrationshelferin,60,BRB a.d.Havel– Potsdam-MittelmarkI –HVL III–Teltow-Fläming I,Landesliste,
404,11005289,Clara Bünger,1986-07-04,weiblich,Die LINKE,2025-03-25,,Volljuristin,159,Dresden II – Bautzen II,Landesliste,clarabuenger.bsky.social
578,11005568,David Schliesing,1983-01-26,männlich,Die LINKE,2025-03-25,,"Schauspieldramaturg, Audioredakteur",67,Börde – Salzlandkreis,Landesliste,
420,11005411,Desiree Becker,1994-01-27,weiblich,Die LINKE,2025-03-25,,Gewerkschaftssekretärin,172,Gießen,Landesliste,
610,11005601,Donata Vogtschmidt,1998-02-24,weiblich,Die LINKE,2025-03-25,,Staatswissenschaftlerin,188,Eichsfeld – Nordhausen – Kyffhäuserkreis,Landesliste,donatavogtschmidt.bsky.social
160,11004651,Doris Achelwilm,1976-11-30,weiblich,Die LINKE,2025-03-25,,Sprachwissenschaftlerin (M.A.),54,Bremen I,Landesliste,dorisachelwilm.bsky.social
7,11003034,Dr. Dietmar Bartsch,1958-03-31,männlich,Die LINKE,2025-03-25,,Wirtschaftswissenschaftler,14,Rostock – Landkreis Rostock II,Landesliste,
462,11005453,Dr. Fabian Fahl,1993-03-20,männlich,Die LINKE,2025-03-25,,Wissenschaftlicher Mitarbeiter,86,Aachen I,Landesliste,
0,11000756,Dr. Gregor Gysi,1948-01-16,männlich,Die LINKE,2025-03-25,,Rechtsanwalt,83,Berlin-Treptow-Köpenick,Direktwahl,
412,11005403,Dr. Michael Arndt,1964-03-18,männlich,Die LINKE,2025-03-25,,Arzt,299,Homburg,Landesliste,
584,11005575,Evelyn Schötz,1961-06-30,weiblich,Die LINKE,2025-03-25,,Altenpflegerin,245,Roth,Landesliste,
511,11005501,Ferat Koçak,1979-05-26,männlich,Die LINKE,2025-03-25,,Dipl.-Wirtschaftswissenschaftler,81,Berlin-Neukölln,Direktwahl,feratkocak.dielinkebt.de
604,11005595,Gerhard Trabert,1956-07-03,männlich,Die LINKE,2025-03-25,,,204,Mainz,Landesliste,
161,11004653,Gökay Akbulut,1982-11-16,weiblich,Die LINKE,2025-03-25,,Sozialwissenschaftlerin,275,Mannheim,Landesliste,goekayakbulut.bsky.social
358,11005186,Heidi Reichinnek,1988-04-19,weiblich,Die LINKE,2025-03-25,,pädagigische Mitarbeiterin in der Jugendhilfe,39,Stadt Osnabrück,Landesliste,heidireichinnek.dielinkebt.de
326,11005123,Ina Latendorf,1971-06-26,weiblich,Die LINKE,2025-03-25,,Juristin und Facharbeiterin für Pflanzenproduktion,12,Schwerin – Ludwigslust-Parchim I – Nordwestmecklenburg I,Landesliste,
589,11005580,Ines Schwerdtner,1989-08-26,weiblich,Die LINKE,2025-03-25,,"Journalistin, Publizistin",85,Berlin-Lichtenberg,Direktwahl,inesschwerdtner.bsky.social
608,11005599,Isabelle Vandre,1989-07-27,weiblich,Die LINKE,2025-03-25,,Politikwissenschaftlerin,61,Potsdam – Potsdam-Mittelmark II – Teltow-Fläming II,Landesliste,isavandre.bsky.social
54,11004001,Jan Aken,1961-05-01,männlich,Die LINKE,2025-03-25,,Biologe,,,Landesliste,janvanaken.dielinkebt.de
521,11005511,Jan Köstering,1997-10-22,männlich,Die LINKE,2025-03-25,,KFZ-Mechatroniker,98,Oberbergischer Kreis,Landesliste,jan-koestering.de
436,11005427,Janina Böttger,1982-04-04,weiblich,Die LINKE,2025-03-25,,Europäische Dipl.-Verwaltungsmanagerin,71,Halle,Landesliste,
398,11005260,Janine Wissler,1981-05-23,weiblich,Die LINKE,2025-03-25,,Dipl.-Politikwissenschaftlerin,181,Frankfurt am Main I,Landesliste,janinewissler.bsky.social
435,11005426,Jorrit Bosch,1997-09-08,männlich,Die LINKE,2025-03-25,,,,,Landesliste,jorritbosch.dielinkebt.de
592,11005583,Julia-Christina Stange,1978-04-25,weiblich,Die LINKE,2025-03-25,,Fachkinderkrankenschwester,205,Worms,Landesliste,
176,11004693,Jörg Cezanne,1958-06-08,männlich,Die LINKE,2025-03-25,,"Verbandsgeschäftsführer, Soziologe",183,Groß-Gerau,Landesliste,
475,11005466,Katalin Gennburg,1984-03-05,weiblich,Die LINKE,2025-03-25,,,84,Berlin-Marzahn-Hellersdorf,Landesliste,
473,11005464,Kathrin Gebel,1997-04-05,weiblich,Die LINKE,2025-03-25,,,128,Münster,Landesliste,
466,11005457,Katrin Fey,1967-12-07,weiblich,Die LINKE,2025-03-25,,Dipl.-Sozialpädagogin,147,Siegen-Wittgenstein,Landesliste,
564,11005554,Lea Reisner,1989-03-09,weiblich,Die LINKE,2025-03-25,,Gesundheits- und Krankenpflegerin,93,Köln II,Landesliste,leali.bsky.social
168,11004672,Lorenz Gösta Beutin,1978-07-18,männlich,Die LINKE,2025-03-25,,"Historiker, Angestellter",1,Flensburg – Schleswig,Landesliste,lgbeutin.bsky.social
549,11005539,Luigi Pantisano,1979-07-28,männlich,Die LINKE,2025-03-25,,"Stadtplaner, Architekt",258,Stuttgart I,Landesliste,luigipantisano.bsky.social
498,11005489,Luke Hoß,2001-09-03,männlich,Die LINKE,2025-03-25,,,228,Passau,Landesliste,luke-hoss.de
443,11005434,Maik Brückner,1992-06-16,männlich,Die LINKE,2025-03-25,,Mediengestalter,48,Hildesheim,Landesliste,maikbrueckner.bsky.social
459,11005450,Mandy Eißing,1976-08-31,weiblich,Die LINKE,2025-03-25,,Friseurin,194,Saalfeld-Rudolstadt – Saale-Holzland-Kreis – Saale-Orla-Kreis,Landesliste,
418,11005409,Marcel Bauer,1992-04-30,männlich,Die LINKE,2025-03-25,,Forstwirt,271,Karlsruhe-Stadt,Landesliste,emet-news-press.bsky.social
491,11005482,Mareike Hermeier,1989-08-17,weiblich,Die LINKE,2025-03-25,,Kauffrau im Großhandel,123,Steinfurt I – Borken I,Landesliste,
503,11005494,Maren Kaminski,1979-02-15,weiblich,Die LINKE,2025-03-25,,Gewerkschaftssekretärin,42,Stadt Hannover II,Landesliste,marenkaminski.dielinkebt.de
457,11005448,Mirze Edis,1972-01-01,männlich,Die LINKE,2025-03-25,,Betriebsratsmitglied,114,Duisburg I,Landesliste,
63,11004041,Nicole Gohlke,1975-11-15,weiblich,Die LINKE,2025-03-25,,Sozialwissenschaftlerin,219,München-West/Mitte,Landesliste,nicolegohlke.bsky.social
208,11004819,Pascal Meiser,1975-03-07,männlich,Die LINKE,2025-03-25,,Dipl.-Politikwissenschaftler,82,Berlin-Friedrichshain-Kreuzberg – Prenzlauer Berg Ost,Direktwahl,pascalmeiser.bsky.social
540,11005530,Sahra Mirow,1984-01-10,weiblich,Die LINKE,2025-03-25,,wissenschaftliche Mitarbeiterin,274,Heidelberg,Landesliste,
612,11005603,Sarah Vollath,1995-12-26,weiblich,Die LINKE,2025-03-25,,Sozialarbeiterin (FH),215,Ingolstadt,Landesliste,
613,11005604,Sascha Wagner,1980-05-23,männlich,Die LINKE,2025-03-25,,Angestellter,116,Oberhausen – Wesel III,Landesliste,saschahwagner.bsky.social
528,11005518,Sonja Lemke,1991-11-22,weiblich,Die LINKE,2025-03-25,,Informatikerin,142,Dortmund II,Landesliste,sonjalemke.dielinkebt.de
537,11005527,Stella Merendino,1994-04-08,weiblich,Die LINKE,2025-03-25,,Gesundheits- und Krankenpflegerin,74,Berlin-Mitte,Landesliste,
219,11004848,Sören Pellmann,1977-02-11,männlich,Die LINKE,2025-03-25,,Grund- und Förderschullehrer,152,Leipzig II,Direktwahl,pellmann.dielinkebt.de
535,11005525,Tamara Mazzi,1992-01-13,weiblich,Die LINKE,2025-03-25,,Lehrerin,5,Kiel,Landesliste,tamaramazzi.dielinkebt.de
603,11005594,Ulrich Thoden,1973-05-16,männlich,Die LINKE,2025-03-25,,Lehrer am Berufskolleg,127,Steinfurt III,Landesliste,ulrichthoden.bsky.social
469,11005460,Uwe Foullong,1957-09-29,männlich,Die LINKE,2025-03-25,,Dipl.-Kaufmann,124,Bottrop – Recklinghausen III,Landesliste,
476,11005467,Vinzenz Glaser,1992-08-15,männlich,Die LINKE,2025-03-25,,Sozialarbeiter,281,Freiburg,Landesliste,vinzenzglaser.dielinkebt.de
430,11005421,Violetta Bock,1987-12-11,weiblich,Die LINKE,2025-03-25,,,167,Kassel,Landesliste,
572,11005562,Zada Salihović,2000-03-28,weiblich,Die LINKE,2025-03-25,,"Kauffrau für Büromanagement, Gewerkschaftsmitarbeiterin",,,Landesliste,zadasalihovic.dielinkebt.de
479,11005470,Adrian Grasse,1975-01-20,männlich,CDU/CSU,2025-03-25,,"Industriekaufmann, Dipl.-Kaufmann",78,Berlin-Steglitz-Zehlendorf,Direktwahl,
30,11003620,Albert Rupprecht,1968-06-10,männlich,CDU/CSU,2025-03-25,,Dipl.-Volkswirt,234,Weiden,Direktwahl,
143,11004415,Albert Stegemann,1976-03-09,männlich,CDU/CSU,2025-03-25,,Landwirtschaftsmeister,31,Mittelems,Direktwahl,
18,11003516,Alexander Dobrindt,1970-06-07,männlich,CDU/CSU,2025-03-25,,Dipl.-Soziologe,225,Weilheim,Direktwahl,marcusphoenix.bsky.social
284,11005050,Alexander Engelhard,1972-09-26,männlich,CDU/CSU,2025-03-25,,"Müller, Dipl.-Wirtschaftsingenieur (FH)",254,Neu-Ulm,Direktwahl,
112,11004304,Alexander Hoffmann,1975-03-06,männlich,CDU/CSU,2025-03-25,,Jurist,248,Main-Spessart,Direktwahl,raahoff.bsky.social
500,11005491,Alexander Jordan,1981-11-21,männlich,CDU/CSU,2025-03-25,,Dipl.-Ingenieur (FH) Elektrotechnik / Informationstechnik,51,Helmstedt – Wolfsburg,Direktwahl,jordanstein.bsky.social
130,11004383,Alexander Radwan,1964-08-30,männlich,CDU/CSU,2025-03-25,,Rechtsanwalt,222,Bad Tölz-Wolfratshausen – Miesbach,Direktwahl,
241,11004917,Alexander Throm,1968-09-08,männlich,CDU/CSU,2025-03-25,,Rechtsanwalt,267,Heilbronn,Direktwahl,
131,11004384,Alois Rainer,1965-01-07,männlich,CDU/CSU,2025-03-25,,Metzgermeister,230,Straubing,Direktwahl,
121,11004342,Andrea Lindholz,1970-09-25,weiblich,CDU/CSU,2025-03-25,,"Rechtsanwältin, Fachanwältin für Familienrecht",246,Aschaffenburg,Direktwahl,
42,11003780,Andreas Jung,1975-05-13,männlich,CDU/CSU,2025-03-25,,Rechtsanwalt,287,Konstanz,Direktwahl,andreas-jung.com
77,11004108,Andreas Mattfeldt,1969-09-28,männlich,CDU/CSU,2025-03-25,,Industriekaufmann,34,Osterholz – Verden,Direktwahl,
115,11004323,Anja Karliczek,1971-04-29,weiblich,CDU/CSU,2025-03-25,,"Dipl.-Kauffrau, Hotelfachfrau, Bankkauffrau",127,Steinfurt III,Direktwahl,
409,11005400,Anna Aeikens,1998-08-15,weiblich,CDU/CSU,2025-03-25,,Selbständige Agrarökonomin,67,Börde – Salzlandkreis,Landesliste,
308,11005093,Anne Janssen,1982-08-31,weiblich,CDU/CSU,2025-03-25,,"Krankenschwester, Lehrerin",26,Friesland – Wilhelmshaven – Wittmund,Landesliste,
320,11005110,Anne König,1984-12-04,weiblich,CDU/CSU,2025-03-25,,Gesamtschulrektorin,125,Borken II,Direktwahl,
67,11004056,Ansgar Heveling,1972-07-03,männlich,CDU/CSU,2025-03-25,,Ministerialbeamter (Oberregierungsrat a. D.),109,Krefeld I – Neuss II,Direktwahl,
1,11002718,Armin Laschet,1961-02-18,männlich,CDU/CSU,2025-03-25,,Ministerpräsident a. D.,86,Aachen I,Direktwahl,
34,11003706,Artur Auernhammer,1963-03-09,männlich,CDU/CSU,2025-03-25,,Landwirtschaftsmeister,240,Ansbach,Direktwahl,
147,11004425,Astrid Timmermann-Fechter,1963-06-22,weiblich,CDU/CSU,2025-03-25,,Bundestagsabgeordnete,117,Mülheim – Essen I,Landesliste,
71,11004073,Axel Knoerig,1967-03-01,männlich,CDU/CSU,2025-03-25,,Kommunal- und Politikwissenschaftler,33,Diepholz – Nienburg I,Direktwahl,
211,11004829,Axel Müller,1963-07-24,männlich,CDU/CSU,2025-03-25,,Vorsitzender Richter am Landgericht a. D.,294,Ravensburg,Direktwahl,
460,11005451,Bastian Ernst,1987-01-30,männlich,CDU/CSU,2025-03-25,,Betriebswirt,28,Delmenhorst – Wesermarsch – Oldenburg-Land,Direktwahl,
444,11005435,Benedikt Büdenbender,1989-07-31,männlich,CDU/CSU,2025-03-25,,Kommunikationsberater,147,Siegen-Wittgenstein,Direktwahl,
237,11004893,Björn Simon,1981-05-18,männlich,CDU/CSU,2025-03-25,,"Politologe, Magister Artium (M.A.)",184,Offenbach,Direktwahl,
573,11005563,Carl-Philipp Sassenrath,1990-02-26,männlich,CDU/CSU,2025-03-25,,"Volljurist, Ministerialbeamter",107,Neuss I,Direktwahl,
434,11005425,Caroline Bosbach,1989-11-27,weiblich,CDU/CSU,2025-03-25,,Wirtschaftswissenschaftlerin/Regulierungsmanagerin,99,Rheinisch-Bergischer Kreis,Direktwahl,
118,11004332,Carsten Körber,1979-06-11,männlich,CDU/CSU,2025-03-25,,"Betriebswirt, Politikwissenschaftler",164,Zwickau,Landesliste,
46,11003815,Carsten Müller,1970-05-08,männlich,CDU/CSU,2025-03-25,,"Bankkaufmann, Rechtsanwalt",50,Braunschweig,Landesliste,cwmsoils.bsky.social
365,11005198,Catarina Santos Firnhaber,1994-07-08,weiblich,CDU/CSU,2025-03-25,,Rechtsanwältin,87,Aachen II,Direktwahl,
106,11004286,Christian Haase,1966-05-06,männlich,CDU/CSU,2025-03-25,,Dipl.-Verwaltungswirt,135,Höxter – Gütersloh III – Lippe II,Direktwahl,homegrownhuman.bsky.social
53,11003890,Christian Hirte,1976-05-23,männlich,CDU/CSU,2025-03-25,,"Rechtsanwalt, Fachanwalt für Steuerrecht",189,Eisenach – Wartburgkreis – Unstrut-Hainich-Kreis,Landesliste,
543,11005533,Christian Moser,1989-11-14,männlich,CDU/CSU,2025-03-25,,"Jurist, Nebenerwerbslandwirt",213,Freising,Direktwahl,christianmoser.bsky.social
33,11003639,Christian Stetten,1970-07-24,männlich,CDU/CSU,2025-03-25,,selbständiger Kaufmann,268,Schwäbisch Hall – Hohenlohe,Direktwahl,
381,11005235,Christina Stumpp,1987-11-16,weiblich,CDU/CSU,2025-03-25,,Verwaltungswirtin und Steuerrechtlerin LL.B.,264,Waiblingen,Direktwahl,
470,11005461,Christoph Frauenpreiß,1984-11-15,männlich,CDU/CSU,2025-03-25,,Dipl.-Bankbetriebswirt (FS),29,Cuxhaven – Stade II,Direktwahl,
244,11004926,Christoph Vries,1974-12-04,männlich,CDU/CSU,2025-03-25,,"Dipl.-Soziologe, ltd. Angestellter",18,Hamburg-Mitte,Landesliste,
516,11005506,Daniel Kölbl,1993-10-29,männlich,CDU/CSU,2025-03-25,,"Bankkaufmann, Abteilungsdirektor",7,Pinneberg,Direktwahl,
29,11003613,Daniela Raab,1975-07-07,weiblich,CDU/CSU,2025-03-25,,Juristin,221,Rosenheim,Direktwahl,
480,11005471,David Gregosz,1983-10-10,männlich,CDU/CSU,2025-03-25,,Unternehmer,188,Eichsfeld – Nordhausen – Kyffhäuserkreis,Landesliste,
84,11004152,Detlef Seif,1962-08-15,männlich,CDU/CSU,2025-03-25,,Rechtsanwalt,91,Euskirchen – Rhein-Erft-Kreis II,Direktwahl,
490,11005481,Diana Herbstreuth,1981-02-27,weiblich,CDU/CSU,2025-03-25,,Berufssoldatin,194,Saalfeld-Rudolstadt – Saale-Holzland-Kreis – Saale-Orla-Kreis,Landesliste,
85,11004168,Dieter Stier,1964-06-29,männlich,CDU/CSU,2025-03-25,,"Zootechniker/Mechanisator, Dipl.-Ing.agr., Pferdewirtschaftsmeister",72,Burgenland – Saalekreis,Landesliste,
26,11003586,Dorothee Mantel,1978-04-19,weiblich,CDU/CSU,2025-03-25,,Diplom-Politologin,247,Bad Kissingen,Direktwahl,
120,11004339,Dr. Andreas Lenz,1981-04-23,männlich,CDU/CSU,2025-03-25,,Dipl.-Betriebswirt (FH),212,Erding – Ebersberg,Direktwahl,
152,11004440,Dr. Anja Weisgerber,1976-03-11,weiblich,CDU/CSU,2025-03-25,,Rechtsanwältin,249,Schweinfurt,Direktwahl,
174,11004684,Dr. Carsten Brodesser,1967-09-05,männlich,CDU/CSU,2025-03-25,,Ltd. Angestellter,98,Oberbergischer Kreis,Direktwahl,
74,11004098,Dr. Carsten Linnemann,1977-08-10,männlich,CDU/CSU,2025-03-25,,Volkswirt,136,Paderborn,Direktwahl,
370,11005205,Dr. Christiane Schenderlein,1981-10-17,weiblich,CDU/CSU,2025-03-25,,Politikwissenschaftlerin,150,Nordsachsen,Landesliste,
222,11004854,Dr. Christoph Ploß,1985-07-19,männlich,CDU/CSU,2025-03-25,,Historiker,21,Hamburg-Nord,Direktwahl,
416,11005407,Dr. Cornell-Anette Babendererde,1971-03-01,weiblich,CDU/CSU,2025-03-25,,Historikerin,36,Harburg,Direktwahl,
556,11005546,Dr. David Preisendanz,1984-01-04,männlich,CDU/CSU,2025-03-25,,Rechtsanwalt,261,Esslingen,Direktwahl,
450,11005441,Dr. Florian Dorn,1986-05-24,männlich,CDU/CSU,2025-03-25,,Volkswirt,255,Memmingen – Unterallgäu,Direktwahl,
116,11004327,Dr. Georg Kippels,1959-09-21,männlich,CDU/CSU,2025-03-25,,Rechtsanwalt,90,Rhein-Erft-Kreis I,Direktwahl,
113,11004305,Dr. Hendrik Hoppenstedt,1972-06-14,männlich,CDU/CSU,2025-03-25,,"Jurist, Staatsminister a. D., Bürgermeister a. D.",43,Hannover-Land I,Direktwahl,
453,11005444,Dr. Hülya Düber,1978-07-05,weiblich,CDU/CSU,2025-03-25,,Sozialreferentin / rechtskundige berufsmäßige Stadträtin,250,Würzburg,Direktwahl,
293,11005069,Dr. Ingeborg Gräßle,1961-03-02,weiblich,CDU/CSU,2025-03-25,,Journalistin,269,Backnang – Schwäbisch Gmünd,Direktwahl,
75,11004100,Dr. Jan-Marco Luczak,1975-10-02,männlich,CDU/CSU,2025-03-25,,Rechtsanwalt,80,Berlin-Tempelhof-Schöneberg,Landesliste,
87,11004182,Dr. Johann Wadephul,1963-02-10,männlich,CDU/CSU,2025-03-25,,Rechtsanwalt,4,Rendsburg-Eckernförde,Direktwahl,
288,11005063,Dr. Jonas Geissler,1984-06-05,männlich,CDU/CSU,2025-03-25,,Regierungsrat a. D.,237,Coburg,Direktwahl,
596,11005587,Dr. Katja Strauss-Köster,1970-08-19,weiblich,CDU/CSU,2025-03-25,,"Bürgermeisterin (2009-2025), Dr.-Ing. Raumplanerin",138,Ennepe-Ruhr-Kreis II,Direktwahl,
395,11005257,Dr. Klaus Wiener,1962-08-21,männlich,CDU/CSU,2025-03-25,,Volkswirt,103,Mettmann I,Direktwahl,
520,11005510,Dr. Konrad Körner,1992-04-27,männlich,CDU/CSU,2025-03-25,,Rechtsanwalt,241,Erlangen,Direktwahl,
394,11005254,Dr. Maria-Lena Weiss,1981-04-04,weiblich,CDU/CSU,2025-03-25,,Rechtsanwältin,285,Rottweil – Tuttlingen,Direktwahl,
357,11005185,Dr. Markus Reichel,1968-07-15,männlich,CDU/CSU,2025-03-25,,"Dipl.-Mathematiker, Geschäftsführer",158,Dresden I,Landesliste,
271,11005033,Dr. Marlon Bröhr,1974-04-03,männlich,CDU/CSU,2025-03-25,,"Zahnarzt, Landrat a. D.",199,Mosel/Rhein-Hunsrück,Direktwahl,
355,11005182,Dr. Martin Plum,1982-02-26,männlich,CDU/CSU,2025-03-25,,Richter a. D.,110,Viersen,Direktwahl,
78,11004110,Dr. Mathias Middelberg,1964-12-14,männlich,CDU/CSU,2025-03-25,,Volljurist,39,Stadt Osnabrück,Direktwahl,
3,11002733,Dr. Michael Meister,1961-06-09,männlich,CDU/CSU,2025-03-25,,Dipl.-Mathematiker,187,Bergstraße,Direktwahl,
6,11002765,Dr. Norbert Röttgen,1965-07-02,männlich,CDU/CSU,2025-03-25,,Rechtsanwalt,97,Rhein-Sieg-Kreis II,Direktwahl,
387,11005244,Dr. Oliver Vogt,1977-07-15,männlich,CDU/CSU,2025-03-25,,"Dipl.-Physiker, Gymnasiallehrer",133,Minden-Lübbecke I,Direktwahl,
317,11005106,Dr. Ottilie Klein,1984-02-14,weiblich,CDU/CSU,2025-03-25,,Abteilungsdirektorin,81,Berlin-Neukölln,Landesliste,
59,11004018,Dr. Reinhard Brandl,1977-08-01,männlich,CDU/CSU,2025-03-25,,Dipl.-Wirtschaftsingenieur,215,Ingolstadt,Direktwahl,
251,11004954,Dr. Saskia Ludwig,1968-05-23,weiblich,CDU/CSU,2025-03-25,,Dipl.-Kauffrau,60,BRB a.d.Havel– Potsdam-MittelmarkI –HVL III–Teltow-Fläming I,Landesliste,
119,11004336,Dr. Silke Launert,1976-12-27,weiblich,CDU/CSU,2025-03-25,,Richterin am Landgericht a. D.,236,Bayreuth,Direktwahl,
518,11005508,Dr. Stefan Korbach,1958-03-16,männlich,CDU/CSU,2025-03-25,,Dipl.-Kaufmann,178,Wiesbaden,Direktwahl,
345,11005163,Dr. Stefan Nacke,1976-01-27,männlich,CDU/CSU,2025-03-25,,"Soziologe, Sozialethiker",128,Münster,Landesliste,
221,11004853,Dr. Stephan Pilsinger,1987-02-17,männlich,CDU/CSU,2025-03-25,,Hausarzt,219,München-West/Mitte,Direktwahl,
62,11004038,Dr. Thomas Gebhart,1971-12-20,männlich,CDU/CSU,2025-03-25,,"Magister (Politikwissenschaft, Betriebswirtschaftslehre)",210,Südpfalz,Direktwahl,
552,11005542,Dr. Thomas Pauls,1986-10-03,männlich,CDU/CSU,2025-03-25,,,176,Wetterau I,Direktwahl,
142,11004414,Dr. Wolfgang Stefinger,1985-04-20,männlich,CDU/CSU,2025-03-25,,Betriebswirt,217,München-Ost,Direktwahl,
272,11005035,Dr. Yannick Bury,1990-03-11,männlich,CDU/CSU,2025-03-25,,Volkswirt,283,Emmendingen – Lahr,Direktwahl,
51,11003865,Elisabeth Winkelmeier-Becker,1962-09-15,weiblich,CDU/CSU,2025-03-25,,Richterin,96,Rhein-Sieg-Kreis I,Direktwahl,
448,11005439,Ellen Demuth,1982-07-10,weiblich,CDU/CSU,2025-03-25,,Dipl.-Betriebswirtin (FH),196,Neuwied,Direktwahl,
155,11004452,Emmi Zeulner,1987-03-27,weiblich,CDU/CSU,2025-03-25,,Examinierte Gesundheits-und Krankenpflegerin,239,Kulmbach,Direktwahl,
292,11005068,Fabian Gramling,1987-04-05,männlich,CDU/CSU,2025-03-25,,Bundestagsabgeordneter,266,Neckar-Zaber,Direktwahl,
233,11004883,Felix Schreiner,1986-01-29,männlich,CDU/CSU,2025-03-25,,,288,Waldshut,Direktwahl,
426,11005417,Florian Bilic,1994-01-10,männlich,CDU/CSU,2025-03-25,,Hauptgeschäftsführer,209,Pirmasens,Direktwahl,
64,11004048,Florian Hahn,1974-03-14,männlich,CDU/CSU,2025-03-25,,MdB,220,München-Land,Direktwahl,
343,11005160,Florian Müller,1987-09-14,männlich,CDU/CSU,2025-03-25,,Strategiereferent,148,Olpe – Märkischer Kreis I,Direktwahl,florianmue.bsky.social
546,11005536,Florian Oest,1987-08-25,männlich,CDU/CSU,2025-03-25,,Jurist und Betriebswirt,156,Görlitz,Landesliste,
125,11004366,Florian Oßner,1980-07-05,männlich,CDU/CSU,2025-03-25,,MdB,227,Landshut,Direktwahl,
303,11005087,Franziska Hoppermann,1982-01-08,weiblich,CDU/CSU,2025-03-25,,"Senatsdirektorin, Dipl.-Kauffrau",22,Hamburg-Wandsbek,Landesliste,
437,11005428,Frederik Bouffier,1990-10-07,männlich,CDU/CSU,2025-03-25,,Rechtsanwalt,172,Gießen,Direktwahl,
4,11002735,Friedrich Merz,1955-11-11,männlich,CDU/CSU,2025-03-25,,Rechtsanwalt,146,Hochsauerlandkreis,Direktwahl,herzstattmerz.bsky.social
105,11004285,Fritz Güntzler,1966-05-06,männlich,CDU/CSU,2025-03-25,,"Wirtschaftsprüfer, Steuerberater",53,Göttingen I,Direktwahl,
484,11005475,Georg Günther,1988-05-14,männlich,CDU/CSU,2025-03-25,,Dipl.-Finanzwirt (FH),15,Vorpommern-Rügen – Vorpommern-Greifswald I,Landesliste,
17,11003514,Gitta Connemann,1964-05-10,weiblich,CDU/CSU,2025-03-25,,"Verkäuferin, Volljuristin",25,Unterems,Direktwahl,
22,11003573,Gunther Krichbaum,1964-05-04,männlich,CDU/CSU,2025-03-25,,Wirtschaftsjurist,279,Pforzheim,Direktwahl,
419,11005410,Günter Baumgartner,1975-04-24,männlich,CDU/CSU,2025-03-25,,Bankbetriebswirt,229,Rottal-Inn,Direktwahl,
517,11005507,Hans Koller,1971-07-15,männlich,CDU/CSU,2025-03-25,,"Landwirt, Gastwirt",228,Passau,Direktwahl,
97,11004264,Hansjörg Durz,1971-07-29,männlich,CDU/CSU,2025-03-25,,"Dipl.-Kaufmann, Bankkaufmann",252,Augsburg-Land,Direktwahl,
547,11005537,Harald Orthey,1968-06-25,männlich,CDU/CSU,2025-03-25,,Betriebswirt (VWA),203,Montabaur,Direktwahl,
486,11005477,Heiko Hain,1982-03-26,männlich,CDU/CSU,2025-03-25,,Verwaltungsfachwirt,238,Hof,Direktwahl,
47,11003821,Henning Otte,1968-10-27,männlich,CDU/CSU,2025-03-25,,,44,Celle – Uelzen,Direktwahl,
356,11005184,Henning Rehbaum,1973-09-10,männlich,CDU/CSU,2025-03-25,,Dipl.-Betriebswirt (FH),129,Warendorf,Direktwahl,
580,11005570,Henri Schmidt,1983-05-07,männlich,CDU/CSU,2025-03-25,,Geschäftsführer,10,Herzogtum Lauenburg – Stormarn-Süd,Direktwahl,henrismitch.bsky.social
99,11004269,Hermann Färber,1963-03-26,männlich,CDU/CSU,2025-03-25,,Landwirtschaftsmeister,263,Göppingen,Direktwahl,
122,11004352,Jan Metzler,1981-07-05,männlich,CDU/CSU,2025-03-25,,"Winzer, Dipl.-Betriebswirt (FH)",205,Worms,Direktwahl,
554,11005544,Jan-Wilhelm Pohlmann,1986-07-31,männlich,CDU/CSU,2025-03-25,,Politik- und Verwaltungswissenschaftlicher,166,Waldeck,Direktwahl,
204,11004800,Jens Lehmann,1967-12-19,männlich,CDU/CSU,2025-03-25,,Erzieher,151,Leipzig I,Landesliste,benniikl.bsky.social
32,11003638,Jens Spahn,1980-05-16,männlich,CDU/CSU,2025-03-25,,Bankkaufmann,123,Steinfurt I – Borken I,Direktwahl,gegenrechts.bsky.social
456,11005447,Joachim Ebmeyer,1985-01-30,männlich,CDU/CSU,2025-03-25,,Volkswirt,132,Herford – Minden-Lübbecke II,Direktwahl,
567,11005557,Johannes Rothenberger,1980-08-07,männlich,CDU/CSU,2025-03-25,,Rechtsanwalt,284,Offenburg,Direktwahl,
145,11004418,Johannes Steiniger,1987-06-18,männlich,CDU/CSU,2025-03-25,,"Gymnasiallehrer, MdB",207,Neustadt – Speyer,Direktwahl,
611,11005602,Johannes Volkmann,1996-12-11,männlich,CDU/CSU,2025-03-25,,"Volkswirt, Sinologe",171,Lahn-Dill,Direktwahl,
619,11005610,Johannes Wiegelmann,1993-02-02,männlich,CDU/CSU,2025-03-25,,Rechtsanwalt,174,Main-Kinzig – Wetterau II – Schotten,Direktwahl,
621,11005612,Johannes Winkel,1991-10-28,männlich,CDU/CSU,2025-03-25,,Volljurist,106,Düsseldorf II,Direktwahl,
217,11004845,Josef Oster,1971-01-04,männlich,CDU/CSU,2025-03-25,,"Dipl.-Verwaltungswirt (FH), Bürgermeister a. D.",198,Koblenz,Direktwahl,
21,11003566,Julia Klöckner,1972-12-16,weiblich,CDU/CSU,2025-03-25,,"Chefredakteurin, Bundesministerin a. D.",200,Kreuznach,Direktwahl,dorokloeckner.bsky.social
65,11004050,Jürgen Hardt,1963-05-30,männlich,CDU/CSU,2025-03-25,,Dipl.-Volkswirt,102,Solingen – Remscheid – Wuppertal II,Direktwahl,
153,11004443,Kai Whittaker,1985-04-10,männlich,CDU/CSU,2025-03-25,,Wirtschaftswissenschaftler M. Sc.,273,Rastatt,Direktwahl,
239,11004901,Katrin Staffler,1981-11-04,weiblich,CDU/CSU,2025-03-25,,Biochemikerin,214,Fürstenfeldbruck,Direktwahl,
129,11004382,Kerstin Radomski,1974-11-01,weiblich,CDU/CSU,2025-03-25,,Studienrätin,113,Krefeld II – Wesel II,Direktwahl,
243,11004924,Kerstin Vieregge,1976-09-06,weiblich,CDU/CSU,2025-03-25,,staatlich geprüfte Betriebswirtin,134,Lippe I,Direktwahl,
333,11005138,Klaus Mack,1973-04-28,männlich,CDU/CSU,2025-03-25,,"Dipl,-Verwaltungswirt (FH)",280,Calw,Direktwahl,
14,11003264,Klaus-Peter Willsch,1961-02-28,männlich,CDU/CSU,2025-03-25,,Dipl.-Volkswirt,177,Rheingau-Taunus – Limburg,Direktwahl,
255,11005002,Knut Abraham,1966-06-04,männlich,CDU/CSU,2025-03-25,,Diplomat,65,Elbe-Elster – Oberspreewald-Lausitz,Landesliste,
458,11005449,Lars Ehm,1976-04-09,männlich,CDU/CSU,2025-03-25,,Volljurist,121,Recklinghausen II,Direktwahl,
360,11005190,Lars Rohwer,1972-02-01,männlich,CDU/CSU,2025-03-25,,Bankkaufmann,159,Dresden II – Bautzen II,Landesliste,larsrohwer.bsky.social
431,11005422,Leif Erik Bodin,1996-06-20,männlich,CDU/CSU,2025-03-25,,Jurist,2,Nordfriesland – Dithmarschen Nord,Direktwahl,
524,11005514,Lukas Krieger,1987-11-11,männlich,CDU/CSU,2025-03-25,,Rechtsanwalt,79,Berlin-Charlottenburg-Wilmersdorf,Direktwahl,
440,11005431,Lutz Brinkmann,1975-12-27,männlich,CDU/CSU,2025-03-25,,selbstständiger Dipl.-Bauingenieur,38,Osnabrück-Land,Direktwahl,
169,11004673,Marc Biadacz,1979-09-03,männlich,CDU/CSU,2025-03-25,,Sozialwissenschaftler,260,Böblingen,Direktwahl,
190,11004744,Marc Henrichmann,1976-06-01,männlich,CDU/CSU,2025-03-25,,Rechtsanwalt,126,Coesfeld – Steinfurt II,Direktwahl,
400,11005263,Mareike Lotte Wulf,1979-11-15,weiblich,CDU/CSU,2025-03-25,,Verbandsgeschäftsführerin,46,Hameln-Pyrmont – Holzminden,Landesliste,
111,11004298,Mark Helfrich,1978-09-08,männlich,CDU/CSU,2025-03-25,,Betriebswirt,3,Steinburg – Dithmarschen Süd,Direktwahl,
117,11004331,Markus Koob,1977-12-05,männlich,CDU/CSU,2025-03-25,,,175,Hochtaunus,Direktwahl,
285,11005052,Martina Englhardt-Kopf,1981-06-08,weiblich,CDU/CSU,2025-03-25,,Studiendirektorin a. D.,233,Schwandorf,Direktwahl,
588,11005579,Marvin Schulz,1994-11-14,männlich,CDU/CSU,2025-03-25,,Angestellter,76,Berlin-Reinickendorf,Direktwahl,
109,11004292,Matthias Hauer,1977-12-18,männlich,CDU/CSU,2025-03-25,,Rechtsanwalt,119,Essen III,Direktwahl,matthiashauer.bsky.social
66,11004052,Mechthild Heil,1961-08-23,weiblich,CDU/CSU,2025-03-25,,Dipl.-Ing. Architektin,197,Ahrweiler,Direktwahl,
399,11005261,Mechthilde Wittmann,1967-12-12,weiblich,CDU/CSU,2025-03-25,,Juristin,256,Oberallgäu,Direktwahl,
167,11004670,Melanie Bernstein,1976-09-28,weiblich,CDU/CSU,2025-03-25,,Kulturwissenschaftlerin,8,Segeberg – Stormarn-Mitte,Direktwahl,
38,11003742,Michael Brand,1973-11-19,männlich,CDU/CSU,2025-03-25,,"Angestellter, Pressesprecher",173,Fulda,Direktwahl,molcher.bsky.social
95,11004262,Michael Donth,1967-06-08,männlich,CDU/CSU,2025-03-25,,Bürgermeister a. D.,289,Reutlingen,Direktwahl,
61,11004034,Michael Frieser,1964-03-30,männlich,CDU/CSU,2025-03-25,,Rechtsanwalt,244,Nürnberg-Süd,Direktwahl,
497,11005488,Michael Hose,1984-09-28,männlich,CDU/CSU,2025-03-25,,Schulleiter/ Gymnasiallehrer,192,Erfurt – Weimar – Weimarer Land II,Landesliste,mgsing66.bsky.social
199,11004779,Michael Kießling,1973-05-29,männlich,CDU/CSU,2025-03-25,,Dipl.-Bauingenieur (FH),223,Starnberg – Landsberg am Lech,Direktwahl,
504,11005495,Nicklas Kappe,1996-11-11,männlich,CDU/CSU,2025-03-25,,Chemieingenieur,124,Bottrop – Recklinghausen III,Direktwahl,
402,11005266,Nicolas Zippelius,1987-08-01,männlich,CDU/CSU,2025-03-25,,MdB,272,Karlsruhe-Land,Direktwahl,zippelius.bsky.social
151,11004437,Nina Warken,1979-05-15,weiblich,CDU/CSU,2025-03-25,,Rechtsanwältin,276,Odenwald – Tauber,Direktwahl,
591,11005582,Nora Seitz,1984-05-10,weiblich,CDU/CSU,2025-03-25,,Fleischermeisterin,161,Chemnitz,Landesliste,
162,11004655,Norbert Maria Altenkamp,1972-07-27,männlich,CDU/CSU,2025-03-25,,Dipl.-Volkswirt,180,Main-Taunus,Direktwahl,
19,11003544,Olav Gutting,1970-10-14,männlich,CDU/CSU,2025-03-25,,"Rechtsanwalt, Fachanwalt für Erbrecht",278,Bruchsal – Schwetzingen,Direktwahl,
555,11005545,Oliver Pöpsel,1973-04-06,männlich,CDU/CSU,2025-03-25,,Versicherungsfachmann,145,Soest,Direktwahl,
561,11005551,Pascal Reddig,1995-04-10,männlich,CDU/CSU,2025-03-25,,Rechtsanwalt,179,Hanau,Direktwahl,
24,11003582,Patricia Lips,1963-12-21,weiblich,CDU/CSU,2025-03-25,,Handelsfachwirtin,186,Odenwald,Direktwahl,
82,11004146,Patrick Schnieder,1968-05-01,männlich,CDU/CSU,2025-03-25,,Bürgermeister a. D.,201,Bitburg,Direktwahl,
248,11004938,Paul Ziemiak,1985-09-06,männlich,CDU/CSU,2025-03-25,,Generalsekretär der CDU NRW,149,Märkischer Kreis II,Direktwahl,
55,11004004,Peter Aumer,1976-04-17,männlich,CDU/CSU,2025-03-25,,,232,Regensburg,Direktwahl,
57,11004010,Peter Beyer,1970-12-25,männlich,CDU/CSU,2025-03-25,,Rechtsanwalt,104,Mettmann II,Direktwahl,
496,11005487,Philip M. A. Hoffmann,1988-11-21,männlich,CDU/CSU,2025-03-25,,Ökonom,297,Saarlouis,Direktwahl,
163,11004656,Philipp Amthor,1992-11-10,männlich,CDU/CSU,2025-03-25,,Jurist,16,Mecklenburgische Seenplatte I – Vorpommern-Greifswald II ,Landesliste,
23,11003574,Prof. Dr. Günter Krings,1969-08-07,männlich,CDU/CSU,2025-03-25,,Jurist,108,Mönchengladbach,Direktwahl,
602,11005593,Prof. Dr. Hans Theiss,1977-09-20,männlich,CDU/CSU,2025-03-25,,Arzt,216,München-Nord,Direktwahl,hanstheiss.bsky.social
597,11005588,Prof. Dr. Hendrik Streeck,1977-08-07,männlich,CDU/CSU,2025-03-25,,Universitätsprofessor,95,Bonn,Direktwahl,
494,11005485,Prof. Dr. Matthias Hiller,1985-01-08,männlich,CDU/CSU,2025-03-25,,Steuerberater und Hochschullehrer,262,Nürtingen,Direktwahl,
60,11004021,Ralph Brinkhaus,1968-06-15,männlich,CDU/CSU,2025-03-25,,Steuerberater,130,Gütersloh I,Direktwahl,
282,11005048,Ralph Edelhäußer,1973-03-22,männlich,CDU/CSU,2025-03-25,,"Bankkaufmann, Dipl.-Betriebswirt (FH)",245,Roth,Direktwahl,
70,11004068,Roderich Kiesewetter,1963-09-11,männlich,CDU/CSU,2025-03-25,,Oberst a. D. / Diplom-Kaufmann (univ.),270,Aalen – Heidenheim,Direktwahl,rodki.bsky.social
601,11005592,Roland Theis,1980-03-17,männlich,CDU/CSU,2025-03-25,,Jurist,298,St. Wendel,Direktwahl,
158,11004617,Ronja Schmitt,1989-05-03,weiblich,CDU/CSU,2025-03-25,,Volkswirtin,291,Ulm,Direktwahl,
445,11005436,Sandra Carstensen,1971-10-02,weiblich,CDU/CSU,2025-03-25,,Juristin,6,Plön – Neumünster,Direktwahl,
422,11005413,Sascha Beek,1983-06-16,männlich,CDU/CSU,2025-03-25,,Gesundheits- und Krankenpfleger,112,Wesel I,Direktwahl,
581,11005571,Sebastian Schmidt,1993-08-08,männlich,CDU/CSU,2025-03-25,,"Bankkaufmann, staatl. geprüfter Betriebswirt",9,Ostholstein – Stormarn-Nord,Direktwahl,flippedmathe.bsky.social
144,11004417,Sebastian Steineke,1973-06-19,männlich,CDU/CSU,2025-03-25,,Rechtsanwalt,56,Prignitz – Ostprignitz-Ruppin – Havelland I,Landesliste,sebastiansteineke.bsky.social
213,11004832,Sepp Müller,1989-01-22,männlich,CDU/CSU,2025-03-25,,Dipl.-Bankbetriebswirt Frankfurt School of Finance and Management,70,Anhalt – Dessau – Wittenberg,Landesliste,
295,11005072,Serap Güler,1980-07-07,weiblich,CDU/CSU,2025-03-25,,Beamtin,92,Köln I,Landesliste,serapgueler.bsky.social
614,11005605,Siegfried Walch,1984-04-08,männlich,CDU/CSU,2025-03-25,,"Kaufmann, Betriebswirt (HWK)",224,Traunstein,Direktwahl,siwmci.bsky.social
173,11004681,Silvia Breher,1973-07-23,weiblich,CDU/CSU,2025-03-25,,Volljuristin,32,Cloppenburg – Vechta,Direktwahl,
269,11005030,Simone Borchardt,1967-09-11,weiblich,CDU/CSU,2025-03-25,,Gesundheitsökonomin,13,Ludwigslust-Parchim II–Nordwestmecklenbg II–Landkr. RostockI,Landesliste,
227,11004867,Stefan Rouenhoff,1978-12-23,männlich,CDU/CSU,2025-03-25,,,111,Kleve,Direktwahl,
58,11004011,Steffen Bilger,1979-02-16,männlich,CDU/CSU,2025-03-25,,Volljurist,265,Ludwigsburg,Direktwahl,
89,11004241,Stephan Albani,1968-06-03,männlich,CDU/CSU,2025-03-25,,Dipl.-Physiker,27,Oldenburg – Ammerland,Landesliste,
27,11003589,Stephan Mayer,1973-12-15,männlich,CDU/CSU,2025-03-25,,Rechtsanwalt,211,Altötting,Direktwahl,
86,11004169,Stephan Stracke,1974-04-01,männlich,CDU/CSU,2025-03-25,,Volljurist,257,Ostallgäu,Direktwahl,
302,11005085,Susanne Hierl,1973-09-29,weiblich,CDU/CSU,2025-03-25,,Rechtsanwältin,231,Amberg,Direktwahl,
37,11003734,Thomas Bareiß,1975-02-15,männlich,CDU/CSU,2025-03-25,,Dipl.-Betriebswirt,295,Zollernalb – Sigmaringen,Direktwahl,
180,11004709,Thomas Erndl,1974-07-22,männlich,CDU/CSU,2025-03-25,,Dipl.-Ing. (FH) Elektrotechnik / Mikroelektronik,226,Deggendorf,Direktwahl,
68,11004061,Thomas Jarzombek,1973-04-28,männlich,CDU/CSU,2025-03-25,,IT-Berater,105,Düsseldorf I,Direktwahl,
5,11002754,Thomas Rachel,1962-05-17,männlich,CDU/CSU,2025-03-25,,Politikwissenschaftler,89,Düren,Direktwahl,math-rachel.bsky.social
362,11005193,Thomas Röwekamp,1966-09-18,männlich,CDU/CSU,2025-03-25,,"Rechtsanwalt, Notar",54,Bremen I,Landesliste,
31,11003636,Thomas Silberhorn,1968-11-12,männlich,CDU/CSU,2025-03-25,,Rechtsanwalt,235,Bamberg,Direktwahl,
103,11004276,Thorsten Frei,1973-08-08,männlich,CDU/CSU,2025-03-25,,"Jurist, Oberbürgermeister a. D.",286,Schwarzwald-Baar,Direktwahl,judithhopkins132.bsky.social
415,11005406,Tijen Ataoğlu,1989-07-21,weiblich,CDU/CSU,2025-03-25,,Richterin am Landgericht,137,Hagen – Ennepe-Ruhr-Kreis I,Direktwahl,
324,11005118,Tilman Kuban,1987-05-26,männlich,CDU/CSU,2025-03-25,,Rechtsanwalt,47,Hannover-Land II,Landesliste,
140,11004409,Tino Sorge,1975-03-04,männlich,CDU/CSU,2025-03-25,,Rechtsanwalt,69,Magdeburg,Landesliste,tinosorge.bsky.social
396,11005258,Tobias Winkler,1978-01-16,männlich,CDU/CSU,2025-03-25,,Abgeordneter,242,Fürth,Direktwahl,tobiderw.bsky.social
72,11004087,Ulrich Lange,1969-06-06,männlich,CDU/CSU,2025-03-25,,Rechtsanwalt,253,Donau-Ries,Direktwahl,
102,11004271,Uwe Feiler,1965-11-02,männlich,CDU/CSU,2025-03-25,,Finanzwirt,58,Oberhavel – Havelland II,Landesliste,
629,11005620,Vanessa Zobel,1988-02-08,weiblich,CDU/CSU,2025-03-25,,Bankkauffrau,30,Stade I – Rotenburg II,Direktwahl,
598,11005589,Vivian Tauschwitz,1994-07-29,weiblich,CDU/CSU,2025-03-25,,Offizierin,35,Rotenburg I – Heidekreis,Landesliste,
337,11005146,Volker Mayer-Lay,1981-06-22,männlich,CDU/CSU,2025-03-25,,Rechtsanwalt,293,Bodensee,Direktwahl,
124,11004365,Wilfried Oellers,1975-09-16,männlich,CDU/CSU,2025-03-25,,Rechtsanwalt,88,Heinsberg,Direktwahl,
474,11005465,Wilhelm Gebhard,1976-06-15,männlich,CDU/CSU,2025-03-25,,Bürgermeister,168,Werra-Meißner – Hersfeld-Rotenburg,Direktwahl,
447,11005438,Wolfgang Dahler,1975-05-06,männlich,CDU/CSU,2025-03-25,,Rechtsanwalt,292,Biberach,Direktwahl,
256,11005005,Adis Ahmetović,1993-07-27,männlich,SPD,2025-03-25,,Referent für Regierungsplanung in der Nds. Staatskanzelei,41,Stadt Hannover I,Direktwahl,
139,11004407,Andreas Schwarz,1965-03-03,männlich,SPD,2025-03-25,,Betriebswirt,235,Bamberg,Landesliste,schwarzmdb.bsky.social
10,11003162,Anette Kramme,1967-10-10,weiblich,SPD,2025-03-25,,"Rechtsanwältin, Fachanwältin für Arbeitsrecht",236,Bayreuth,Landesliste,
157,11004614,Angelika Glöckner,1962-02-05,weiblich,SPD,2025-03-25,,"Verwaltungsfachwirtin, Betriebswirtin",209,Pirmasens,Landesliste,
384,11005240,Anja Troff-Schaffarzyk,1969-10-01,weiblich,SPD,2025-03-25,,Dipl.-Pädagogin,25,Unterems,Landesliste,anjatroff.bsky.social
318,11005108,Annika Klose,1992-06-24,weiblich,SPD,2025-03-25,,Sozialwissenschaftlerin,74,Berlin-Mitte,Landesliste,anniklose.bsky.social
403,11005267,Armand Zorn,1988-07-18,männlich,SPD,2025-03-25,,Unternehmensberater,181,Frankfurt am Main I,Landesliste,
80,11004124,Aydan Özoğuz,1967-05-31,weiblich,SPD,2025-03-25,,"Wissenschaftliche Mitarbeiterin, Körber Stiftung",22,Hamburg-Wandsbek,Direktwahl,
134,11004392,Bernd Rützel,1968-10-02,männlich,SPD,2025-03-25,,Maschinenschlosser,248,Main-Spessart,Landesliste,
20,11003545,Bettina Hagedorn,1955-12-26,weiblich,SPD,2025-03-25,,Goldschmiedin,9,Ostholstein – Stormarn-Nord,Landesliste,
331,11005135,Bettina Lugk,1982-02-03,weiblich,SPD,2025-03-25,,"Geowissenschaftlerin, Verwaltungsfachwirtin",149,Märkischer Kreis II,Landesliste,
553,11005543,Boris Pistorius,1960-03-14,männlich,SPD,2025-03-25,,"Bundesminister, Jurist",42,Stadt Hannover II,Direktwahl,shinygengarfrog.bsky.social
56,11004006,Bärbel Bas,1968-05-03,weiblich,SPD,2025-03-25,,Personalmanagement-Ökonomin (VWA),114,Duisburg I,Direktwahl,handle.invalid
393,11005251,Carmen Wegge,1989-09-24,weiblich,SPD,2025-03-25,,Juristin,223,Starnberg – Landsberg am Lech,Landesliste,carmenwegge.bsky.social
12,11003218,Carsten Schneider,1976-01-23,männlich,SPD,2025-03-25,,Bankkaufmann,192,Erfurt – Weimar – Weimarer Land II,Landesliste,cqschneider.bsky.social
148,11004426,Carsten Träger,1973-10-25,männlich,SPD,2025-03-25,,"sebst. Werbeberater, Koordinator Kommunikation Sparkasse Fürth",242,Fürth,Landesliste,
371,11005208,Christoph Schmid,1976-07-08,männlich,SPD,2025-03-25,,"Politikwissenschaftler, Bürgermeister a. D.",253,Donau-Ries,Landesliste,
209,11004825,Claudia Moll,1968-12-15,weiblich,SPD,2025-03-25,,Examinierte Altenpflegerin,87,Aachen II,Landesliste,
138,11004401,Dagmar Schmidt,1973-03-13,weiblich,SPD,2025-03-25,,Historikerin,171,Lahn-Dill,Landesliste,dagmarschmidt.de
260,11005015,Daniel Baldy,1994-09-25,männlich,SPD,2025-03-25,,Lehrer,204,Mainz,Landesliste,daniel-baldy.bsky.social
425,11005416,Daniel Bettermann,1980-10-17,männlich,SPD,2025-03-25,,Angestellter im öffentlichen Dienst,167,Kassel,Direktwahl,
405,11005300,Daniel Rinkert,1987-12-11,männlich,SPD,2025-03-25,,Jurist,107,Neuss I,Landesliste,
615,11005606,Daniel Walter,1991-03-27,männlich,SPD,2025-03-25,,Referent / LL.M. European Law,89,Düren,Landesliste,daniewalter.bsky.social
570,11005560,Daniela Rump,1996-01-13,weiblich,SPD,2025-03-25,,Studentin der Rechtswissenschaften,48,Hildesheim,Direktwahl,
132,11004388,Dennis Rohde,1986-06-24,männlich,SPD,2025-03-25,,Rechtsanwalt,27,Oldenburg – Ammerland,Direktwahl,tomschroeder93.bsky.social
385,11005241,Derya Türk-Nachbaur,1973-04-10,weiblich,SPD,2025-03-25,,Versicherungsfachfrau,286,Schwarzwald-Baar,Landesliste,deryatuerknachbaur.bsky.social
150,11004433,Dirk Vöpel,1971-05-29,männlich,SPD,2025-03-25,,Selbstständiger Kaufmann,116,Oberhausen – Wesel III,Direktwahl,
154,11004444,Dirk Wiese,1983-07-11,männlich,SPD,2025-03-25,,Jurist,146,Hochsauerlandkreis,Landesliste,
35,11003710,Dr. Bärbel Kofler,1967-05-24,weiblich,SPD,2025-03-25,,"Bankkauffrau, Diplom-Informatikerin (FH), Sprachwissenschaftlerin",224,Traunstein,Landesliste,
390,11005247,Dr. Carolin Wagner,1982-10-01,weiblich,SPD,2025-03-25,,Referatsleiterin,232,Regensburg,Landesliste,
351,11005174,Dr. Christos Pantazis,1975-10-09,männlich,SPD,2025-03-25,,Arzt,50,Braunschweig,Direktwahl,
314,11005103,Dr. Franziska Kersten,1968-12-19,weiblich,SPD,2025-03-25,,Tierärztin,67,Börde – Salzlandkreis,Landesliste,
100,11004270,Dr. Johannes Fechner,1972-11-25,männlich,SPD,2025-03-25,,Rechtsanwalt,283,Emmendingen – Lahr,Landesliste,
101,11004270,Dr. Johannes Fechner,1972-11-25,männlich,SPD,2025-03-25,,Rechtsanwalt,283,Emmendingen – Lahr,Landesliste,
376,11005221,Dr. Lina Seitzl,1989-06-03,weiblich,SPD,2025-03-25,,Politikwissenschaftlerin,287,Konstanz,Landesliste,
45,11003809,Dr. Matthias Miersch,1968-12-19,männlich,SPD,2025-03-25,,Rechtsanwalt,47,Hannover-Land II,Direktwahl,
229,11004876,Dr. Nils Schmid,1973-07-11,männlich,SPD,2025-03-25,,"Jurist, Minister a. D.",262,Nürtingen,Landesliste,
137,11004396,Dr. Nina Scheer,1971-09-11,weiblich,SPD,2025-03-25,,"Juristin, Politikwissenschaftlerin, Musikerin",10,Herzogtum Lauenburg – Stormarn-Süd,Landesliste,nina-scheer.de
568,11005558,Dr. Philipp Rottwilm,1984-08-28,männlich,SPD,2025-03-25,,"Dipl.-Kaufmann, Bürgermeister",169,Schwalm-Eder,Landesliste,
379,11005229,Dr. Ralf Stegner,1959-10-02,männlich,SPD,2025-03-25,,Politikwissenschaftler,7,Pinneberg,Landesliste,
28,11003599,Dr. Rolf Mützenich,1959-06-25,männlich,SPD,2025-03-25,,Dipl.-Politikwissenschaftler,94,Köln III,Landesliste,
332,11005137,Dr. Tanja Machalet,1974-05-01,weiblich,SPD,2025-03-25,,"Bankkauffrau, Dipl.-Volkswirtin",203,Montabaur,Landesliste,
363,11005194,Dr. Thorsten Rudolph,1974-03-15,männlich,SPD,2025-03-25,,Beamter,198,Koblenz,Landesliste,
181,11004710,Dr. Wiebke Esdar,1984-02-11,weiblich,SPD,2025-03-25,,Dipl.-Psychologin,131,Bielefeld – Gütersloh II,Direktwahl,
322,11005115,Dunja Kreiser,1971-06-27,weiblich,SPD,2025-03-25,,Abwassermeisterin,49,Salzgitter – Wolfenbüttel,Direktwahl,
196,11004771,Elisabeth Kaiser,1987-03-04,weiblich,SPD,2025-03-25,,Politik- und Verwaltungswissenschaftlerin,193,Gera – Greiz – Altenburger Land,Landesliste,elisabethkaiser.bsky.social
327,11005131,Esra Limbacher,1989-05-01,männlich,SPD,2025-03-25,,Volljurist,299,Homburg,Direktwahl,esralimbacher.bsky.social
179,11004701,Esther Dilcher,1965-09-18,weiblich,SPD,2025-03-25,,"Rechtsanwältin, Notarin",166,Waldeck,Landesliste,
279,11005044,Falko Droßmann,1973-12-11,männlich,SPD,2025-03-25,,Soldat,18,Hamburg-Mitte,Direktwahl,
278,11005043,Felix Döring,1991-02-23,männlich,SPD,2025-03-25,,Lehrer,172,Gießen,Landesliste,
114,11004317,Frank Junge,1967-05-05,männlich,SPD,2025-03-25,,Dipl.-Sportlehrer,13,Ludwigslust-Parchim II–Nordwestmecklenbg II–Landkr. RostockI,Landesliste,
49,11003846,Frank Schwabe,1970-11-12,männlich,SPD,2025-03-25,,,120,Recklinghausen I,Direktwahl,frankschwabe.bsky.social
298,11005077,Frauke Heiligenstadt,1966-03-24,weiblich,SPD,2025-03-25,,Dipl.-Verwaltungswirtin FH,52,Goslar – Northeim – Göttingen II,Direktwahl,fheiligenstadt.bsky.social
110,11004296,Gabriela Heinrich,1963-04-18,weiblich,SPD,2025-03-25,,Redakteurin,243,Nürnberg-Nord,Landesliste,tracingechoes.bsky.social
274,11005038,Hakan Demir,1984-11-16,männlich,SPD,2025-03-25,,,81,Berlin-Neukölln,Landesliste,justfener.bsky.social
407,11005314,Heike Heubach,1979-12-14,weiblich,SPD,2025-03-25,,Industriekauffrau,252,Augsburg-Land,Landesliste,
206,11004802,Helge Lindh,1976-12-06,männlich,SPD,2025-03-25,,,101,Wuppertal I,Direktwahl,helgelindh.bsky.social
316,11005105,Helmut Kleebank,1964-11-18,männlich,SPD,2025-03-25,,"Krankenpfleger, Lehrer, Bezirksbürgermeister i. R.",77,Berlin-Spandau – Charlottenburg Nord,Direktwahl,
433,11005424,Hendrik Bollmann,1982-09-10,männlich,SPD,2025-03-25,,Oberstudienrat,140,Herne – Bochum II,Direktwahl,
334,11005140,Holger Mann,1979-02-19,männlich,SPD,2025-03-25,,Politikwissenschaftler,151,Leipzig I,Landesliste,holgermietho.bsky.social
9,11003142,Hubertus Heil,1972-11-03,männlich,SPD,2025-03-25,,"Politikwissenschaftler, Bundesminister",45,Gifhorn – Peine,Direktwahl,
609,11005600,Ingo Vogel,1976-04-29,männlich,SPD,2025-03-25,,Polizeibeamter,118,Essen II,Direktwahl,
273,11005036,Isabel Cademartori Dujisin,1988-01-09,weiblich,SPD,2025-03-25,,Wirtschaftspädagogin,275,Mannheim,Landesliste,
250,11004949,Isabel Mackensen,1986-09-29,weiblich,SPD,2025-03-25,,Politikwissenschaftlerin,207,Neustadt – Speyer,Landesliste,
266,11005025,Jakob Blankenburg,1997-08-05,männlich,SPD,2025-03-25,,Politikwissenschaftler,37,Lüchow-Dannenberg – Lüneburg,Direktwahl,
276,11005041,Jan Dieren,1991-07-29,männlich,SPD,2025-03-25,,Rechtsanwalt,113,Krefeld II – Wesel II,Landesliste,jandieren.bsky.social
304,11005088,Jasmina Hostert,1982-12-03,weiblich,SPD,2025-03-25,,Politikwissenschaftlerin,260,Böblingen,Landesliste,
423,11005414,Jens Behrens,1978-06-12,männlich,SPD,2025-03-25,,Bankkaufmann,145,Soest,Landesliste,jpbgames.bsky.social
353,11005178,Jens Peick,1981-08-16,männlich,SPD,2025-03-25,,Dipl.-Verwaltungswirt (FH),141,Dortmund I,Direktwahl,jenspeick.bsky.social
135,11004393,Johann Saathoff,1967-12-09,männlich,SPD,2025-03-25,,Diplom-Verwaltungswirt (FH),24,Aurich – Emden,Direktwahl,johann-saathoff.bsky.social
232,11004881,Johannes Schraps,1983-08-17,männlich,SPD,2025-03-25,,Politikwissenschaftler,46,Hameln-Pyrmont – Holzminden,Direktwahl,johannesschraps.bsky.social
369,11005204,Johannes Schätzl,1993-06-10,männlich,SPD,2025-03-25,,Informatiker / Datenanlyse,228,Passau,Landesliste,johannesschaetzl.bsky.social
216,11004844,Josephine Ortleb,1986-11-25,weiblich,SPD,2025-03-25,,Fachwirtin in der Gastronomie,296,Saarbrücken,Direktwahl,josephine-ortleb.de
159,11004639,Jürgen Coße,1969-08-16,männlich,SPD,2025-03-25,,Arbeitsvermittler,127,Steinfurt III,Landesliste,juergencosse.bsky.social
339,11005153,Kathrin Michel,1963-04-17,weiblich,SPD,2025-03-25,,Industriekauffrau,155,Bautzen I,Landesliste,kthrn-mchl-spd.bsky.social
44,11003804,Katja Mast,1971-02-04,weiblich,SPD,2025-03-25,,"MdB, Bankkauffrau",279,Pforzheim,Landesliste,katjamast.bsky.social
15,11003440,Kerstin Griese,1966-12-06,weiblich,SPD,2025-03-25,,Historikerin,104,Mettmann II,Landesliste,
36,11003715,Lars Klingbeil,1978-02-23,männlich,SPD,2025-03-25,,Politikwissenschaftler,35,Rotenburg I – Heidekreis,Direktwahl,larsklingbeil.bsky.social
310,11005096,Macit Karaahmetoğlu,1968-07-11,männlich,SPD,2025-03-25,,"Rechtsanwalt, Fachanwalt für Urheber- und Medienrecht",265,Ludwigsburg,Landesliste,handle.invalid
126,11004368,Mahmut Özdemir,1987-06-23,männlich,SPD,2025-03-25,,Rechtsreferendar (beurlaubt),115,Duisburg II,Direktwahl,kobeyasi.bsky.social
392,11005249,Maja Wallstein,1986-03-18,weiblich,SPD,2025-03-25,,Wissenschaftsmanagerin,64,Cottbus – Spree-Neiße,Landesliste,
249,11004942,Marja-Liisa Völlers,1984-09-28,weiblich,SPD,2025-03-25,,Lehrerin,40,Nienburg II – Schaumburg,Direktwahl,
242,11004921,Markus Töns,1964-01-01,männlich,SPD,2025-03-25,,Politologe,122,Gelsenkirchen,Direktwahl,
39,11003758,Martin Gerster,1971-08-30,männlich,SPD,2025-03-25,,"Politikwissenschaftler, Redakteur",292,Biberach,Landesliste,martinjohansen.bsky.social
323,11005116,Martin Kröber,1992-02-12,männlich,SPD,2025-03-25,,Geschäftsstellenleiter,69,Magdeburg,Landesliste,
128,11004381,Martin Rabanus,1971-09-02,männlich,SPD,2025-03-25,,Ministerialrat,177,Rheingau-Taunus – Limburg,Landesliste,
340,11005154,Matthias David Mieves,1985-12-30,männlich,SPD,2025-03-25,,Dipl.-Kaufmann,208,Kaiserslautern,Direktwahl,djrg.bsky.social
107,11004289,Metin Hakverdi,1969-06-25,männlich,SPD,2025-03-25,,Volljurist,23,Hamburg-Bergedorf – Harburg,Direktwahl,metinhakverdi.bsky.social
234,11004884,Michael Schrodi,1977-07-03,männlich,SPD,2025-03-25,,Studienrat,214,Fürstenfeldbruck,Landesliste,michael-schrodi.bsky.social
146,11004424,Michael Thews,1964-09-06,männlich,SPD,2025-03-25,,Diplom-Chemieingenieur,144,Hamm – Unna II,Direktwahl,michaelthews.bsky.social
301,11005084,Nadine Heselhaus,1978-10-12,weiblich,SPD,2025-03-25,,Dipl.-Verwaltungswirtin (FH),125,Borken II,Landesliste,
461,11005452,Nancy Faeser,1970-07-13,weiblich,SPD,2025-03-25,,Rechtsanwältin,180,Main-Taunus,Landesliste,
352,11005177,Natalie Pawlik,1992-08-26,weiblich,SPD,2025-03-25,,Geschichts- und Sozialwissenschaftlerin (M.A.),176,Wetterau I,Landesliste,nataliepawlik.bsky.social
13,11003231,Olaf Scholz,1958-06-14,männlich,SPD,2025-03-25,,Rechtsanwalt,61,Potsdam – Potsdam-Mittelmark II – Teltow-Fläming II,Direktwahl,dbroessler.bsky.social
69,11004063,Oliver Kaczmarek,1970-08-08,männlich,SPD,2025-03-25,,,143,Unna I,Direktwahl,
335,11005143,Parsa Marvi,1982-02-06,männlich,SPD,2025-03-25,,Produktmanager Breitband,271,Karlsruhe-Stadt,Landesliste,
43,11003797,Prof. Dr. Karl Lauterbach,1963-02-21,männlich,SPD,2025-03-25,,Universitätsprofessor,100,Leverkusen – Köln IV,Direktwahl,
93,11004257,Prof. Dr. Lars Castellucci,1974-02-24,männlich,SPD,2025-03-25,,Hochschullehrer,277,Rhein-Neckar,Landesliste,
347,11005165,Rasha Nasr,1992-05-12,weiblich,SPD,2025-03-25,,Politikwissenschaftlerin,158,Dresden I,Landesliste,albrechtpallas.de
257,11005006,Reem Alabali-Radovan,1990-05-01,weiblich,SPD,2025-03-25,,Politikwissenschaftlerin,12,Schwerin – Ludwigslust-Parchim I – Nordwestmecklenburg I,Landesliste,jonaslittmann.bsky.social
50,11003847,Rita Schwarzelühr-Sutter,1962-10-13,weiblich,SPD,2025-03-25,,Dipl.-Betriebswirtin,288,Waldshut,Landesliste,ritaschwarzeluehr.bsky.social
382,11005236,Ruppert Stüwe,1978-05-21,männlich,SPD,2025-03-25,,Dipl.-Volkswirt,78,Berlin-Steglitz-Zehlendorf,Landesliste,ruppertstuewe.bsky.social
94,11004261,Sabine Dittmar,1964-09-15,weiblich,SPD,2025-03-25,,Ärztin,247,Bad Kissingen,Landesliste,
127,11004377,Sabine Poschmann,1968-10-04,weiblich,SPD,2025-03-25,,Betriebswirtin (VWA),142,Dortmund II,Direktwahl,
254,11005000,Sanae Abdi,1986-07-07,weiblich,SPD,2025-03-25,,"Vertragsmanagerin, Finanzmanagerin",92,Köln I,Direktwahl,sanaeabdi.bsky.social
98,11004267,Saskia Esken,1961-08-28,weiblich,SPD,2025-03-25,,staatl. geprüfte Informatikerin,280,Calw,Landesliste,eskensaskia.bsky.social
286,11005056,Sebastian Fiedler,1973-06-19,männlich,SPD,2025-03-25,,Kriminalbeamter,117,Mülheim – Essen I,Direktwahl,sbfiedler.de
108,11004291,Sebastian Hartmann,1977-07-07,männlich,SPD,2025-03-25,,Organisationsberater,96,Rhein-Sieg-Kreis I,Landesliste,sebastianhartmann.bsky.social
361,11005191,Sebastian Roloff,1983-01-28,männlich,SPD,2025-03-25,,Rechtsanwalt,218,München-Süd,Landesliste,sebastianroloff.bsky.social
623,11005614,Serdar Yüksel,1973-04-27,männlich,SPD,2025-03-25,,Krankenpfleger,139,Bochum I,Direktwahl,
210,11004826,Siemtje Möller,1983-07-20,weiblich,SPD,2025-03-25,,Lehrerin,26,Friesland – Wilhelmshaven – Wittmund,Direktwahl,siemtje-moeller.de
283,11005049,Sonja Eichwede,1987-10-25,weiblich,SPD,2025-03-25,,Richterin,60,BRB a.d.Havel– Potsdam-MittelmarkI –HVL III–Teltow-Fläming I,Landesliste,
83,11004150,Stefan Schwartze,1974-05-23,männlich,SPD,2025-03-25,,Industriemechaniker,132,Herford – Minden-Lübbecke II,Landesliste,stefan-schwartze.de
156,11004453,Stefan Zierke,1970-12-05,männlich,SPD,2025-03-25,,"Werkzeugmacher, Tourismusfachwirt, Reiseverkehrskaufmann",57,Uckermark – Barnim I,Landesliste,zierke.bsky.social
374,11005217,Svenja Schulze,1968-09-29,weiblich,SPD,2025-03-25,,Unternehmensberaterin,128,Münster,Landesliste,svenjaschulze.bsky.social
141,11004412,Svenja Stadler,1976-08-26,weiblich,SPD,2025-03-25,,Senior-PR-Beraterin,36,Harburg,Landesliste,svenjastadler.bsky.social
16,11003496,Sören Bartol,1974-09-04,männlich,SPD,2025-03-25,,Politikwissenschaftler,170,Marburg,Direktwahl,
319,11005109,Tim Klüssendorf,1991-08-16,männlich,SPD,2025-03-25,,"Volkswirt (B. Sc.), Betriebswirt (M. Sc.)",11,Lübeck,Direktwahl,
563,11005553,Truels Reichardt,1994-06-05,männlich,SPD,2025-03-25,,Sozialpädagoge / Sozialarbeiter mit staatlicher Anerkennung,2,Nordfriesland – Dithmarschen Nord,Landesliste,
231,11004878,Uwe Schmidt,1966-02-14,männlich,SPD,2025-03-25,,Hafenfacharbeiter,55,Bremen II – Bremerhaven,Direktwahl,kaiuwebschmidt.bsky.social
305,11005089,Verena Hubertz,1987-11-26,weiblich,SPD,2025-03-25,,Unternehmerin,202,Trier,Landesliste,verena-hubertz.de
510,11005500,Sieghard Knodel,1961-02-13,männlich,Fraktionslos,2025-05-05,,"Betriebswirt, Landmaschinenmeister",,,Landesliste,
375,11005219,Stefan Seidler,1979-12-18,männlich,Fraktionslos,2025-03-25,,Regierungs-Koordinator/Politischer Berater,1,Flensburg – Schleswig,Landesliste,stefanseidlerssw.bsky.social
