,id,full_name,birthdate,gender,party,profession,district_number,district_name,mandate,potential_handle
512,11005504,Achim Köhler,22.03.1964,männlich,AfD,,277,Rhein-Neckar,Landesliste,
416,11005408,Adam Balten,09.11.1983,männlich,AfD,Mechatronik-Ingenieur,112,Wesel I,Landesliste,
412,11005404,Alexander Arpaschi,24.05.1970,männlich,AfD,,273,Rastatt,Landesliste,
629,11005622,Alexis L. Giersch,25.09.1963,männlich,AfD,,,,Landesliste,
169,11004674,Andreas Bleck,17.04.1988,männlich,AfD,Büroleiter,196,Neuwied,Landesliste,
532,11005524,Andreas Mayer,25.01.1995,männlich,AfD,Luft- und Raumfahrttechnik-Ingenieur,253,Donau-Ries,Landesliste,qimmuno.bsky.social
548,11005540,Andreas Paul,10.10.1978,männlich,AfD,Offizier in der Bundeswehr,27,Oldenburg – Ammerland,Landesliste,andimicroscopy.bsky.social
567,11005559,Angela Rudzka,20.01.1984,weiblich,AfD,Referentin der AfD Fraktion im Landtag Niedersachsen,49,Salzgitter – Wolfenbüttel,Landesliste,
557,11005549,Arne Raue,18.08.1970,männlich,AfD,,60,BRB a.d.Havel– Potsdam-MittelmarkI –HVL III–Teltow-Fläming I,Direktwahl,
603,11005596,Bastian Treuheit,17.01.1998,männlich,AfD,Kaufmann im Groß- und Einzelhandel,242,Fürth,Landesliste,
239,11004905,Beatrix Storch,27.05.1971,weiblich,AfD,Anwältin,85,Berlin-Lichtenberg,Landesliste,
367,11005203,Bernd Schattner,27.06.1968,männlich,AfD,Geschäftsführer,210,Südpfalz,Landesliste,
585,11005578,Bernd Schuhmann,20.07.1964,männlich,AfD,"Gärtnermeister, Gärtnertechniker",249,Schweinfurt,Landesliste,
423,11005415,Birgit Bessin,26.03.1978,weiblich,AfD,,65,Elbe-Elster – Oberspreewald-Lausitz,Direktwahl,
471,11005463,Boris Gamanov,19.10.1986,männlich,AfD,Wirtschaftsfachwirt,296,Saarbrücken,Landesliste,
575,11005567,Carina Schießl,19.02.1990,weiblich,AfD,,232,Regensburg,Landesliste,heartflamestudio.bsky.social
258,11005014,Carolin Bachmann,03.09.1988,weiblich,AfD,,160,Mittelsachsen,Direktwahl,
420,11005412,Carsten Becker,20.01.1990,männlich,AfD,Facharbeiter,297,Saarlouis,Landesliste,
450,11005442,Christian Douglas,26.01.1978,männlich,AfD,Dipl.-Kaufmann,180,Main-Taunus,Landesliste,crddouglas.bsky.social
558,11005550,Christian Reck,16.11.1987,männlich,AfD,"Kaufmann für Groß- und Außenhandel, B.A.",154,Meißen,Direktwahl,
622,11005615,Christian Zaum,30.06.1969,männlich,AfD,Gymnasiallehrer,147,Siegen-Wittgenstein,Landesliste,
480,11005472,Christoph Grimm,03.04.1957,männlich,AfD,Rechtsanwalt,13,Ludwigslust-Parchim II–Nordwestmecklenbg II–Landkr. RostockI,Direktwahl,pluna1107.bsky.social
451,11005443,Christopher Drößler,26.09.1995,männlich,AfD,Polizeibeamter,188,Eichsfeld – Nordhausen – Kyffhäuserkreis,Direktwahl,
615,11005608,Claudia Weiss,07.02.1975,weiblich,AfD,Pflegedienstleiterin,69,Magdeburg,Direktwahl,
534,11005526,Danny Meiners,02.01.1979,männlich,AfD,Metallbaumeister,31,Mittelems,Landesliste,
588,11005581,Dario Seifert,02.04.1994,männlich,AfD,Kaufmann für Bürokommunikation,15,Vorpommern-Rügen – Vorpommern-Greifswald I,Direktwahl,
549,11005541,Denis Pauli,25.09.1978,männlich,AfD,,,,Landesliste,marcpauli.bsky.social
625,11005618,Diana Zimmer,09.07.1998,weiblich,AfD,Betriebswirtin (B.Sc.),279,Pforzheim,Landesliste,
269,11005031,Dirk Brandes,25.05.1974,männlich,AfD,Industriekaufmann,43,Hannover-Land I,Landesliste,brandesino.bsky.social
185,11004724,Dr. Alexander Gauland,20.02.1941,männlich,AfD,"Staatssekretär a. D., Publizist",161,Chemnitz,Direktwahl,
620,11005613,Dr. Alexander Wolf,19.04.1967,männlich,AfD,Rechtsanwalt,20,Hamburg-Eimsbüttel,Landesliste,
244,11004930,Dr. Alice Weidel,06.02.1979,weiblich,AfD,"Dipl.-Kauffrau, Dipl.-Volkswirtin",293,Bodensee,Landesliste,
523,11005515,Dr. Anna Rathert,29.04.1977,weiblich,AfD,Rechtsanwältin,120,Recklinghausen I,Landesliste,
164,11004662,Dr. Bernd Baumann,31.01.1958,männlich,AfD,Kaufmann,19,Hamburg-Altona,Landesliste,
246,11004936,Dr. Christian Wirth,27.04.1963,männlich,AfD,Rechtsanwalt,,,Landesliste,
262,11005018,Dr. Christina Baum,21.03.1956,weiblich,AfD,Zahnärztin,68,Harz,Direktwahl,
426,11005418,Dr. Christoph Birghan,23.06.1970,männlich,AfD,Patentanwalt,224,Traunstein,Landesliste,
623,11005616,Dr. Daniel Zerbin,01.02.1973,männlich,AfD,Kriminalwissenschaftler,140,Herne – Bochum II,Landesliste,
177,11004698,Dr. Gottfried Curio,02.09.1960,männlich,AfD,,84,Berlin-Marzahn-Hellersdorf,Direktwahl,
184,11004722,Dr. Götz Frömming,30.08.1968,männlich,AfD,Gymnasiallehrer,56,Prignitz – Ostprignitz-Ruppin – Havelland I,Direktwahl,
310,11005099,Dr. Malte Kaufmann,14.12.1976,männlich,AfD,"Dipl.-Volkswirt, Unternehmer",274,Heidelberg,Landesliste,
520,11005512,Dr. Maximilian Krah,28.01.1977,männlich,AfD,Volljurist,162,Chemnitzer Umland – Erzgebirgskreis II,Direktwahl,krahmax.bsky.social
428,11005420,Dr. Michael Blos,03.03.1976,männlich,AfD,Dipl. Geologe,283,Emmendingen – Lahr,Landesliste,
181,11004711,Dr. Michael Espendiller,05.05.1989,männlich,AfD,"Mathematiker, Volkswirt",125,Borken II,Landesliste,
580,11005572,Dr. Paul Schmidt,04.01.1966,männlich,AfD,Physiker,,,Landesliste,
202,11004792,Dr. Rainer Kraft,08.01.1974,männlich,AfD,Dipl.-Chemiker,,,Landesliste,
405,11005305,Dr. Rainer Rothfuß,19.04.1971,männlich,AfD,Geopolitik-Analyst,256,Oberallgäu,Landesliste,
347,11005166,Edgar Naujok,25.06.1960,männlich,AfD,Unternehmer,153,Leipzig-Land,Direktwahl,
199,11004787,Enrico Komning,06.08.1968,männlich,AfD,Rechtsanwalt,16,Mecklenburgische Seenplatte I – Vorpommern-Greifswald II ,Direktwahl,
441,11005433,Erhard Brucker,28.10.1972,männlich,AfD,Unternehmer,228,Passau,Landesliste,
194,11004767,Fabian Jacobi,19.06.1973,männlich,AfD,Rechtsanwalt,92,Köln I,Landesliste,
584,11005577,Georg Schroeter,26.08.1950,männlich,AfD,Diplom-Ingenieur; selbständig,144,Hamm – Unna II,Landesliste,
267,11005029,Gereon Bollmann,20.11.1953,männlich,AfD,Richter am Oberlandesgericht a. D.,4,Rendsburg-Eckernförde,Landesliste,
217,11004846,Gerold Otten,07.12.1955,männlich,AfD,Berufssoldat a. D.,220,München-Land,Landesliste,
305,11005091,Gerrit Huy,13.05.1953,weiblich,AfD,Diplommathematikerin,225,Weilheim,Landesliste,
289,11005066,Hannes Gnauck,08.08.1991,männlich,AfD,Soldat auf Zeit,57,Uckermark – Barnim I,Direktwahl,
477,11005469,Hans-Jürgen Goßner,17.11.1970,männlich,AfD,"Industriemeister für Elektrotechnik (IHK), Technischer Einkäufer",263,Göppingen,Landesliste,
466,11005458,Hauke Finger,17.08.1968,männlich,AfD,Bankbetriebswirt,113,Krefeld II – Wesel II,Landesliste,
510,11005502,Heinrich Koch,08.03.1962,männlich,AfD,Sachverständiger für Unfallrekonstruktion,275,Mannheim,Landesliste,fparan.bsky.social
543,11005535,Iris Nieland,20.06.1960,weiblich,AfD,,209,Pirmasens,Landesliste,
463,11005455,Jan Feser,01.03.1985,männlich,AfD,Sozialjurist,177,Rheingau-Taunus – Limburg,Landesliste,
214,11004842,Jan Ralf Nolte,30.12.1988,männlich,AfD,Soldat,166,Waldeck,Landesliste,
371,11005210,Jan Wenzel Schmidt,08.10.1991,männlich,AfD,Handelsfachwirt,67,Börde – Salzlandkreis,Direktwahl,
427,11005419,Joachim Bloch,02.08.1963,männlich,AfD,Rechtsanwalt,285,Rottweil – Tuttlingen,Landesliste,
187,11004739,Jochen Haug,11.01.1973,männlich,AfD,Rechtsanwalt,94,Köln III,Landesliste,
530,11005522,Johann Martel,16.02.1979,männlich,AfD,Technischer Fachwirt,276,Odenwald – Tauber,Landesliste,
577,11005569,Julian Schmidt,10.12.1989,männlich,AfD,Wirtschaftsingenieur,170,Marburg,Landesliste,jvigil.bsky.social
626,11005619,Jörg Zirwes,20.03.1968,männlich,AfD,Berufssoldat a. D.,199,Mosel/Rhein-Hunsrück,Landesliste,
200,11004788,Jörn König,29.10.1967,männlich,AfD,"IT-Unternehmensberater, Dipl.-Ing. (MBA)",41,Stadt Hannover I,Landesliste,
511,11005503,Jürgen Koegel,26.09.1958,männlich,AfD,Dipl.-Bankbetriebswirt ADG,267,Heilbronn,Landesliste,
191,11004752,Karsten Hilse,12.12.1964,männlich,AfD,Polizeibeamter,155,Bautzen I,Direktwahl,
186,11004731,Kay Gottschalk,12.12.1965,männlich,AfD,Dipl.-Kaufmann,110,Viersen,Landesliste,
400,11005265,Kay-Uwe Ziegler,27.10.1963,männlich,AfD,Kaufmann / Geschäftsführer Textilhandel,73,Mansfeld,Direktwahl,
555,11005547,Kerstin Przygodda,15.08.1962,weiblich,AfD,Angestellte,11,Lübeck,Landesliste,
536,11005528,Knuth Meyer-Soltau,13.03.1965,männlich,AfD,Rechtsanwalt und Fachanwalt für Strafrecht,139,Bochum I,Landesliste,
506,11005498,Kurt Kleinschmidt,07.02.1967,männlich,AfD,Pensionär (Soldat a. D.),2,Nordfriesland – Dithmarschen Nord,Landesliste,
486,11005478,Lars Haise,23.03.1989,männlich,AfD,Lokomotivführer,264,Waiblingen,Landesliste,
574,11005566,Lars Schieske,01.01.1977,männlich,AfD,,64,Cottbus – Spree-Neiße,Direktwahl,
193,11004761,Leif-Erik Holm,01.08.1970,männlich,AfD,Ökonom (M. Sc.),12,Schwerin – Ludwigslust-Parchim I – Nordwestmecklenburg I,Direktwahl,
560,11005552,Lukas Rehm,05.02.1990,männlich,AfD,Personalsachbearbeiter,215,Ingolstadt,Landesliste,
407,11005315,Manfred Schiller,23.09.1961,männlich,AfD,"Radio- und Fernsehtechniker, selbstständig",234,Weiden,Landesliste,
521,11005513,Manuel Krauthausen,12.05.1992,männlich,AfD,"Schornsteinfeger, Gebäude-Energieberater",,,Landesliste,
165,11004669,Marc Bernhard,05.02.1972,männlich,AfD,"Rechtsanwalt, MBA",271,Karlsruhe-Stadt,Landesliste,
556,11005548,Marcel Queckemeyer,14.09.1980,männlich,AfD,Industriekaufmann (Vertriebsleiter),38,Osnabrück-Land,Landesliste,
174,11004687,Marcus Bühl,29.04.1977,männlich,AfD,Dipl.-Informatiker (M. Sc.) (FH),191,Gotha – Ilm-Kreis,Direktwahl,
183,11004721,Markus Frohnmaier,25.02.1991,männlich,AfD,Pressesprecher,260,Böblingen,Landesliste,
531,11005523,Markus Matzerath,03.12.1970,männlich,AfD,Polizeivollzugsbeamter i.d. Bundespolizei,,,Landesliste,
225,11004862,Martin Erwin Renner,05.05.1954,männlich,AfD,Dipl.-Betriebswirt,103,Mettmann I,Landesliste,
190,11004749,Martin Hess,11.01.1971,männlich,AfD,Polizeihauptkommissar a. D.,265,Ludwigsburg,Landesliste,
224,11004859,Martin Reichardt,30.07.1969,männlich,AfD,"Offizier, Dipl.-Pädagoge",72,Burgenland – Saalekreis,Direktwahl,americanwatr.bsky.social
235,11004892,Martin Sichert,10.06.1980,männlich,AfD,Dipl.-Kaufmann,26,Friesland – Wilhelmshaven – Wittmund,Landesliste,
504,11005496,Martina Kempf,31.03.1964,weiblich,AfD,Juristin,281,Freiburg,Landesliste,
604,11005597,Martina Uhr,26.03.1961,weiblich,AfD,Medizinische Fachkraft,25,Unterems,Landesliste,
614,11005607,Mathias Weiser,05.12.1986,männlich,AfD,kaufmännischer Leiter,165,Vogtlandkreis,Direktwahl,
299,11005079,Matthias Helferich,14.10.1988,männlich,AfD,Rechtsanwalt,142,Dortmund II,Landesliste,
341,11005157,Matthias Moosdorf,20.04.1965,männlich,AfD,"Musiker, Hochschullehrer",164,Zwickau,Direktwahl,
563,11005555,Matthias Rentzsch,23.09.1977,männlich,AfD,,159,Dresden II – Bautzen II,Direktwahl,
507,11005499,Maximilian Kneller,20.10.1993,männlich,AfD,Wissenschaftlicher Mitarbeiter,131,Bielefeld – Gütersloh II,Landesliste,
462,11005454,Micha Fehre,18.04.1997,männlich,AfD,Unternehmer,42,Stadt Hannover II,Landesliste,
487,11005479,Mirco Hanker,02.02.1966,männlich,AfD,Dipl.-Kaufmann,50,Braunschweig,Landesliste,
491,11005483,Nicole Hess,22.07.1973,weiblich,AfD,"Industriekauffrau, Purser, Synchronsprecher",,,Landesliste,
192,11004753,Nicole Höchst,10.02.1970,weiblich,AfD,,200,Kreuznach,Landesliste,nicolehoechst-mdb.bsky.social
494,11005486,Olaf Hilmer,17.02.1972,männlich,AfD,Dipl.-Logistiker,,,Landesliste,svenolafhilmer.bsky.social
593,11005586,Otto Strauß,19.02.1954,männlich,AfD,Dachdeckermeister in Rente,,,Landesliste,
170,11004675,Peter Boehringer,06.04.1969,männlich,AfD,"Publizist, Kaufmann",231,Amberg,Landesliste,
431,11005423,Peter Bohnhof,14.12.1962,männlich,AfD,Rechtsanwalt,,,Landesliste,
182,11004714,Peter Felser,20.09.1969,männlich,AfD,Unternehmer,,,Landesliste,
525,11005517,Pierre Lamely,12.01.1981,männlich,AfD,"Heizungsmonteur, Assistent EU-Parlament (beurlaubt)",173,Fulda,Landesliste,
484,11005476,Prof. Dr. Ingo Hahn,28.01.1971,männlich,AfD,Professor,222,Bad Tölz-Wolfratshausen – Miesbach,Landesliste,
311,11005100,Prof. Dr. Michael Kaufmann,21.04.1964,männlich,AfD,"Ingenieur, Hochschullehrer",194,Saalfeld-Rudolstadt – Saale-Holzland-Kreis – Saale-Orla-Kreis,Direktwahl,
572,11005564,Raimond Scheirich,21.03.1990,männlich,AfD,Umweltingenieur,251,Augsburg-Stadt,Landesliste,
470,11005462,Rainer Galla,23.09.1961,männlich,AfD,Volljurist,63,Frankfurt (Oder) – Oder-Spree,Direktwahl,
481,11005473,Rainer Groß,09.08.1960,männlich,AfD,Rechtsanwalt,,,Landesliste,rakaiser.bsky.social
539,11005531,Reinhard Mixl,11.01.1961,männlich,AfD,"Dipl.-Betriebswirt (FH), Wirtschaftsberater",233,Schwandorf,Landesliste,
266,11005026,René Bochmann,04.02.1969,männlich,AfD,Bürokaufmann,150,Nordsachsen,Direktwahl,
237,11004900,René Springer,15.07.1979,männlich,AfD,Politikwissenschaftler,59,Märkisch-Oderland – Barnim II,Direktwahl,
598,11005591,Robert Teske,08.03.1990,männlich,AfD,,195,Suhl – Schmalkalden-Meiningen – Hildburghausen – Sonneberg,Direktwahl,
501,11005493,Robin Jünger,10.07.1996,männlich,AfD,"Unternehmer, gelernter Kaufmann",172,Gießen,Landesliste,
505,11005497,Rocco Kever,31.12.1979,männlich,AfD,Stellv. Geschäftsführer,40,Nienburg II – Schaumburg,Landesliste,
476,11005468,Ronald Gläser,16.12.1973,männlich,AfD,Journalist,75,Berlin-Pankow,Landesliste,
569,11005561,Ruben Rupp,28.05.1990,männlich,AfD,Gelernter Kaufmann im Einzelhandel / Wissenschaftlicher Referent,269,Backnang – Schwäbisch Gmünd,Landesliste,
206,11004807,Rüdiger Lucassen,19.08.1951,männlich,AfD,Mitglied des Deutschen Bundestag,91,Euskirchen – Rhein-Erft-Kreis II,Landesliste,
528,11005520,Sascha Lensing,13.09.1973,männlich,AfD,Polizeibeamter,115,Duisburg II,Landesliste,
529,11005521,Sebastian Maack,21.06.1969,männlich,AfD,Dipl.-Wirtschaftsingenieur,76,Berlin-Reinickendorf,Landesliste,
213,11004836,Sebastian Münzenmaier,02.07.1989,männlich,AfD,Finanzanlagen- und Versicherungsfachmann (IHK),208,Kaiserslautern,Landesliste,
537,11005529,Sergej Minich,18.03.1987,männlich,AfD,,54,Bremen I,Landesliste,
488,11005480,Stefan Henze,17.07.1965,männlich,AfD,Finanz/Bilanzbuchhalter,47,Hannover-Land II,Landesliste,
197,11004778,Stefan Keuter,19.08.1972,männlich,AfD,Bankkaufmann,119,Essen III,Landesliste,
540,11005532,Stefan Möller,23.03.1975,männlich,AfD,"Rechtsanwalt, Syndikusrechtsanwalt",189,Eisenach – Wartburgkreis – Unstrut-Hainich-Kreis,Direktwahl,
583,11005576,Stefan Schröder,30.05.1983,männlich,AfD,Historiker,190,Jena – Sömmerda – Weimarer Land I,Direktwahl,stefan56plus.bsky.social
306,11005092,Steffen Janich,22.01.1971,männlich,AfD,Polizist,157,Sächsische Schweiz-Osterzgebirge,Direktwahl,
201,11004791,Steffen Kotré,29.04.1971,männlich,AfD,Dipl.-Ingenieur,62,Dahme-Spreewald – Teltow-Fläming III,Direktwahl,
171,11004678,Stephan Brandner,29.05.1966,männlich,AfD,"Rechtsanwalt, Industriekaufmann",193,Gera – Greiz – Altenburger Land,Direktwahl,schwachi.bsky.social
223,11004858,Stephan Protschka,08.11.1977,männlich,AfD,selbständig,229,Rottal-Inn,Landesliste,
616,11005609,Sven Wendorf,14.02.1972,männlich,AfD,Verwaltungsfachangestellter,8,Segeberg – Stormarn-Mitte,Landesliste,
276,11005042,Thomas Dietz,12.03.1967,männlich,AfD,MdB,163,Erzgebirgskreis I,Direktwahl,thomasdietz.bsky.social
464,11005456,Thomas Fetsch,07.07.1969,männlich,AfD,,187,Bergstraße,Landesliste,
517,11005509,Thomas Korell,29.07.1983,männlich,AfD,Dachdecker,66,Altmark – Jerichower Land,Direktwahl,
524,11005516,Thomas Ladzinski,16.03.1989,männlich,AfD,"Dipl.-Ingenieur, Projektleiter Digitalisierung",158,Dresden I,Direktwahl,
592,11005585,Thomas Stephan,20.08.1970,männlich,AfD,Versicherungs- und Finanzanlagenfachmann,207,Neustadt – Speyer,Landesliste,thomasstephan.bsky.social
176,11004695,Tino Chrupalla,14.04.1975,männlich,AfD,Maler- und Lackierermeister,156,Görlitz,Direktwahl,tinochrupalla.bsky.social
454,11005446,Tobias Ebenberger,02.08.1990,männlich,AfD,Content Creator,96,Rhein-Sieg-Kreis I,Landesliste,
219,11004850,Tobias Matthias Peterka,04.09.1982,männlich,AfD,Jurist,236,Bayreuth,Landesliste,
597,11005590,Tobias Teich,06.01.1984,männlich,AfD,"Außenhandelskaufmann, Versicherungsfachmann",217,München-Ost,Landesliste,
437,11005429,Torben Braga,27.08.1991,männlich,AfD,Politikwissenschaftler,,,Landesliste,
188,11004743,Udo Theodor Hemmelgarn,04.05.1959,männlich,AfD,"Bauträger, Immobilienentwickler",134,Lippe I,Landesliste,
628,11005621,Ulrich Zons,11.09.1968,männlich,AfD,Rechtsanwalt,145,Soest,Landesliste,
227,11004873,Ulrike Schielke-Ziesing,17.06.1969,weiblich,AfD,"Deutsche Rentenversicherung, gehobener Dienst",17,Mecklenburgische Seenplatte II – Landkreis Rostock III,Direktwahl,
234,11004888,Uwe Schulz,12.12.1961,männlich,AfD,Leitender Angestellter,,,Landesliste,reviersteiger.bsky.social
573,11005565,Volker Scheurell,01.01.1967,männlich,AfD,"Tischler, Dachdecker",70,Anhalt – Dessau – Wittenberg,Direktwahl,
245,11004933,Wolfgang Wiehle,20.10.1964,männlich,AfD,Dipl.-Informatiker,218,München-Süd,Landesliste,
76,11004106,Agnes Malczak,08.02.1985,weiblich,BÜNDNIS 90/DIE GRÜNEN,,294,Ravensburg,Landesliste,
257,11005011,Andreas Audretsch,25.06.1984,männlich,BÜNDNIS 90/DIE GRÜNEN,Sozialwissenschaftler,81,Berlin-Neukölln,Landesliste,andreasaudretsch.de
91,11004245,Annalena Baerbock,15.12.1980,weiblich,BÜNDNIS 90/DIE GRÜNEN,Völkerrechtlerin,61,Potsdam – Potsdam-Mittelmark II – Teltow-Fläming II,Landesliste,albaerbock.bsky.social
382,11005237,Awet Tesfaiesus,05.10.1974,weiblich,BÜNDNIS 90/DIE GRÜNEN,Rechtsanwältin,168,Werra-Meißner – Hersfeld-Rotenburg,Landesliste,awettesfaiesus.bsky.social
413,11005405,Ayse Asar,19.12.1975,weiblich,BÜNDNIS 90/DIE GRÜNEN,Rechtsanwältin,177,Rheingau-Taunus – Limburg,Landesliste,ayseasar.bsky.social
340,11005155,Boris Mijatović,04.02.1974,männlich,BÜNDNIS 90/DIE GRÜNEN,Angestellter,167,Kassel,Landesliste,boris-mijatovic.bsky.social
40,11003764,Britta Haßelmann,10.12.1961,weiblich,BÜNDNIS 90/DIE GRÜNEN,Sozialarbeiterin,131,Bielefeld – Gütersloh II,Landesliste,britta-hasselmann.de
320,11005111,Chantal Kopf,20.03.1995,weiblich,BÜNDNIS 90/DIE GRÜNEN,Politikwissenschaftlerin,281,Freiburg,Direktwahl,chantalkopf.bsky.social
211,11004830,Claudia Müller,10.08.1981,weiblich,BÜNDNIS 90/DIE GRÜNEN,Betriebswirtin,15,Vorpommern-Rügen – Vorpommern-Greifswald I,Landesliste,gruenclaudia.bsky.social
11,11003212,Claudia Roth,15.05.1955,weiblich,BÜNDNIS 90/DIE GRÜNEN,,251,Augsburg-Stadt,Landesliste,claudiaroth.bsky.social
132,11004390,Corinna Rüffer,11.10.1975,weiblich,BÜNDNIS 90/DIE GRÜNEN,Poltikerin,202,Trier,Landesliste,corinna-rueffer.de
279,11005045,Deborah Düring,18.07.1994,weiblich,BÜNDNIS 90/DIE GRÜNEN,,181,Frankfurt am Main I,Landesliste,deborah-duering.de
328,11005133,Denise Loop,19.05.1994,weiblich,BÜNDNIS 90/DIE GRÜNEN,Sozialarbeiterin,2,Nordfriesland – Dithmarschen Nord,Landesliste,denisegatito.bsky.social
409,11005401,Dr. Alaa Alhamwi,17.04.1984,männlich,BÜNDNIS 90/DIE GRÜNEN,Energieforscher,27,Oldenburg – Ammerland,Landesliste,alaa-alhamwi.bsky.social
25,11003585,Dr. Anna Lührmann,14.06.1983,weiblich,BÜNDNIS 90/DIE GRÜNEN,Politikwissenschaftlerin,180,Main-Taunus,Landesliste,
41,11003772,Dr. Anton Hofreiter,02.02.1970,männlich,BÜNDNIS 90/DIE GRÜNEN,Biologe,220,München-Land,Landesliste,
92,11004255,Dr. Franziska Brantner,24.08.1979,weiblich,BÜNDNIS 90/DIE GRÜNEN,Sozialwissenschaftlerin,274,Heidelberg,Landesliste,
122,11004353,Dr. Irene Mihalic,17.11.1976,weiblich,BÜNDNIS 90/DIE GRÜNEN,Polizeibeamtin,122,Gelsenkirchen,Landesliste,
288,11005065,Dr. Jan-Niclas Gesenhues,12.02.1990,männlich,BÜNDNIS 90/DIE GRÜNEN,"Volkswirt, MdB",127,Steinfurt III,Landesliste,
251,11004962,Dr. Janosch Dahmen,06.09.1981,männlich,BÜNDNIS 90/DIE GRÜNEN,Arzt,138,Ennepe-Ruhr-Kreis II,Landesliste,
148,11004429,Dr. Julia Verlinden,18.01.1979,weiblich,BÜNDNIS 90/DIE GRÜNEN,Dipl.-Umweltwissenschaftlerin,37,Lüchow-Dannenberg – Lüneburg,Landesliste,wunderlicher.bsky.social
196,11004773,Dr. Kirsten Kappert-Gonther,03.11.1966,weiblich,BÜNDNIS 90/DIE GRÜNEN,Fachärztin für Psychatrie und Psychotherapie,54,Bremen I,Landesliste,
79,11004123,Dr. Konstantin Notz,21.01.1971,männlich,BÜNDNIS 90/DIE GRÜNEN,Rechtsanwalt,10,Herzogtum Lauenburg – Stormarn-Süd,Landesliste,
482,11005474,Dr. Lena Gumnior,10.12.1992,weiblich,BÜNDNIS 90/DIE GRÜNEN,Juristin/Rechtsanwältin,34,Osterholz – Verden,Landesliste,
492,11005484,Dr. Moritz Heuberger,11.02.1991,männlich,BÜNDNIS 90/DIE GRÜNEN,Verwaltungswissenschaftler,80,Berlin-Tempelhof-Schöneberg,Direktwahl,
348,11005167,Dr. Ophelia Nick,24.01.1973,weiblich,BÜNDNIS 90/DIE GRÜNEN,"Tierärztin, Bundestagsabgeordnete",104,Mettmann II,Landesliste,
353,11005180,Dr. Paula Piechotta,19.09.1986,weiblich,BÜNDNIS 90/DIE GRÜNEN,Ärztin,152,Leipzig II,Landesliste,paulapiechotta.de
296,11005074,Dr. Robert Habeck,02.09.1969,männlich,BÜNDNIS 90/DIE GRÜNEN,Schriftsteller,1,Flensburg – Schleswig,Landesliste,
274,11005039,Dr. Sandra Detzer,21.04.1980,weiblich,BÜNDNIS 90/DIE GRÜNEN,Politikwissenschaftlerin,265,Ludwigsburg,Landesliste,sandradetzer.bsky.social
366,11005201,Dr. Sebastian Schäfer,11.07.1979,männlich,BÜNDNIS 90/DIE GRÜNEN,Wirtschaftswissenschaftler,261,Esslingen,Landesliste,
377,11005228,Dr. Till Steffen,22.07.1973,männlich,BÜNDNIS 90/DIE GRÜNEN,Rechtsanwalt,20,Hamburg-Eimsbüttel,Direktwahl,
335,11005145,Dr. Zoe Mayer,07.08.1995,weiblich,BÜNDNIS 90/DIE GRÜNEN,Doktorin der Ingenieurwissenschaften (Dr.-Ing.),271,Karlsruhe-Stadt,Direktwahl,zoegruene.bsky.social
260,11005016,Felix Banaszak,24.10.1989,männlich,BÜNDNIS 90/DIE GRÜNEN,,115,Duisburg II,Landesliste,
222,11004857,Filiz Polat,11.07.1978,weiblich,BÜNDNIS 90/DIE GRÜNEN,Dipl.-Volkswirtin,38,Osnabrück-Land,Landesliste,filiz-polat.de
379,11005230,Hanna Steinmüller,09.04.1993,weiblich,BÜNDNIS 90/DIE GRÜNEN,Sozialwissenschaftlerin,74,Berlin-Mitte,Direktwahl,hanna-steinmueller.de
88,11004215,Harald Ebner,08.07.1964,männlich,BÜNDNIS 90/DIE GRÜNEN,Agraringenieur,268,Schwäbisch Hall – Hohenlohe,Landesliste,ebnerharald.bsky.social
327,11005132,Helge Limburg,25.10.1982,männlich,BÜNDNIS 90/DIE GRÜNEN,Dipl.-Jurist,46,Hameln-Pyrmont – Holzminden,Landesliste,helgelimburg.bsky.social
365,11005200,Jamila Schäfer,30.04.1993,weiblich,BÜNDNIS 90/DIE GRÜNEN,Studentin der Soziologie,218,München-Süd,Landesliste,jamilaschaefer.bsky.social
448,11005440,Jeanne Dillschneider,27.12.1995,weiblich,BÜNDNIS 90/DIE GRÜNEN,Rechtsanwältin,296,Saarbrücken,Landesliste,jeanne-marie-aline.bsky.social
390,11005248,Johannes Wagner,01.08.1991,männlich,BÜNDNIS 90/DIE GRÜNEN,Arzt,237,Coburg,Landesliste,yoohannes.bsky.social
581,11005573,Julia Schneider,05.03.1990,weiblich,BÜNDNIS 90/DIE GRÜNEN,Regierungsrätin a. D.,75,Berlin-Pankow,Direktwahl,jujuschneides.bsky.social
500,11005492,Julian Joswig,14.10.1993,männlich,BÜNDNIS 90/DIE GRÜNEN,Wirtschaftswissenschaftler,199,Mosel/Rhein-Hunsrück,Landesliste,julianjo.bsky.social
261,11005017,Karl Bär,13.03.1985,männlich,BÜNDNIS 90/DIE GRÜNEN,Agrarökonom,222,Bad Tölz-Wolfratshausen – Miesbach,Landesliste,karlbaer.bsky.social
349,11005172,Karoline Otte,11.09.1996,weiblich,BÜNDNIS 90/DIE GRÜNEN,Kreisinspektorin,52,Goslar – Northeim – Göttingen II,Landesliste,
363,11005197,Kassem Taher Saleh,01.06.1993,männlich,BÜNDNIS 90/DIE GRÜNEN,Bauingenieur,158,Dresden I,Landesliste,kassemtahersaleh.bsky.social
263,11005019,Katharina Beck,13.04.1982,weiblich,BÜNDNIS 90/DIE GRÜNEN,Unternehmensberaterin für Nachhaltigkeit,21,Hamburg-Nord,Landesliste,katharinabeck.bsky.social
96,11004263,Katharina Dröge,16.09.1984,weiblich,BÜNDNIS 90/DIE GRÜNEN,Volkswirtin,94,Köln III,Direktwahl,katharinadroege.bsky.social
8,11003132,Katrin Dagmar Göring-Eckardt,03.05.1966,weiblich,BÜNDNIS 90/DIE GRÜNEN,MdB,192,Erfurt – Weimar – Weimarer Land II,Landesliste,
385,11005242,Katrin Uhlig,05.07.1982,weiblich,BÜNDNIS 90/DIE GRÜNEN,Dipl.-Kulturwirtin,95,Bonn,Landesliste,katrinuhlig.bsky.social
308,11005095,Lamya Kaddor,11.06.1978,weiblich,BÜNDNIS 90/DIE GRÜNEN,"Islamwissenschaftlerin, Lehrerin für islamischen Religionsunterricht, Publizistin",114,Duisburg I,Landesliste,lamyakaddor.bsky.social
280,11005047,Leon Eckert,09.04.1995,männlich,BÜNDNIS 90/DIE GRÜNEN,Kommunalreferent,213,Freising,Landesliste,leon-eckert.de
298,11005078,Linda Heitmann,02.08.1982,weiblich,BÜNDNIS 90/DIE GRÜNEN,Geschäftsführung in der Suchtkrankenhilfe,19,Hamburg-Altona,Direktwahl,linda-altona.bsky.social
163,11004659,Lisa Badum,02.10.1983,weiblich,BÜNDNIS 90/DIE GRÜNEN,Politikwissenschaftlerin,235,Bamberg,Landesliste,lisa-badum.de
81,11004127,Lisa Paus,19.09.1968,weiblich,BÜNDNIS 90/DIE GRÜNEN,,79,Berlin-Charlottenburg-Wilmersdorf,Landesliste,lisapaus.bsky.social
90,11004243,Luise Amtsberg,17.10.1984,weiblich,BÜNDNIS 90/DIE GRÜNEN,,5,Kiel,Direktwahl,luiseamtsberg.bsky.social
264,11005022,Lukas Benner,20.02.1996,männlich,BÜNDNIS 90/DIE GRÜNEN,Jurist,86,Aachen I,Landesliste,noraschulte.bsky.social
252,11004969,Marcel Emmerich,12.05.1991,männlich,BÜNDNIS 90/DIE GRÜNEN,Wissenschaftlicher Referent,291,Ulm,Landesliste,herremmerich.bsky.social
372,11005212,Marlene Schönberger,06.12.1990,weiblich,BÜNDNIS 90/DIE GRÜNEN,Politikwissenschaftlerin (M. A.),229,Rottal-Inn,Landesliste,marleneschonberger.bsky.social
103,11004278,Matthias Gastel,26.12.1970,männlich,BÜNDNIS 90/DIE GRÜNEN,,262,Nürtingen,Landesliste,matthias-gastel.de
329,11005134,Max Lucks,19.04.1997,männlich,BÜNDNIS 90/DIE GRÜNEN,Sozialwissenschaftler (B.A.),139,Bochum I,Landesliste,
312,11005102,Michael Kellner,08.05.1977,männlich,BÜNDNIS 90/DIE GRÜNEN,Politiker,57,Uckermark – Barnim I,Landesliste,mikellner.bsky.social
314,11005104,Misbah Khan,04.12.1989,weiblich,BÜNDNIS 90/DIE GRÜNEN,,207,Neustadt – Speyer,Landesliste,misbahkhan.bsky.social
387,11005245,Niklas Wagener,16.04.1998,männlich,BÜNDNIS 90/DIE GRÜNEN,Abgeordneter,246,Aschaffenburg,Landesliste,niklaswagener.bsky.social
376,11005224,Nyke Slawik,07.01.1994,weiblich,BÜNDNIS 90/DIE GRÜNEN,Bundestagsabgeordnete,100,Leverkusen – Köln IV,Landesliste,nykeslawik.bsky.social
52,11003881,Omid Nouripour,18.06.1975,männlich,BÜNDNIS 90/DIE GRÜNEN,"Selbstständiger Berater (Tätigkeit ruht, solange MdB)",182,Frankfurt am Main II,Landesliste,nouripour.bsky.social
358,11005187,Prof. Dr. Anja Reinalter,01.05.1970,weiblich,BÜNDNIS 90/DIE GRÜNEN,Professorin für Soziale Arbeit,292,Biberach,Landesliste,
293,11005070,Prof. Dr. Armin Grau,18.03.1959,männlich,BÜNDNIS 90/DIE GRÜNEN,Arzt,206,Ludwigshafen/Frankenthal,Landesliste,
527,11005519,Rebecca Lenhard,24.05.1995,weiblich,BÜNDNIS 90/DIE GRÜNEN,IT-Beraterin,243,Nürnberg-Nord,Landesliste,rebecca-lenhard.bsky.social
324,11005121,Ricarda Lang,17.01.1994,weiblich,BÜNDNIS 90/DIE GRÜNEN,Abgeordnete,269,Backnang – Schwäbisch Gmünd,Landesliste,ricardalang.bsky.social
388,11005246,Robin Wagener,16.08.1980,männlich,BÜNDNIS 90/DIE GRÜNEN,Richter,134,Lippe I,Landesliste,robinwagener.bsky.social
591,11005584,Sandra Stein,22.10.1986,weiblich,BÜNDNIS 90/DIE GRÜNEN,Unternehmerin,146,Hochsauerlandkreis,Landesliste,sandrastein.bsky.social
345,11005164,Sara Nanni,29.05.1987,weiblich,BÜNDNIS 90/DIE GRÜNEN,Friedens- und Konfliktforscherin,106,Düsseldorf II,Landesliste,sarananni.bsky.social
343,11005162,Sascha Müller,24.04.1970,männlich,BÜNDNIS 90/DIE GRÜNEN,Sportjournalist,244,Nürnberg-Süd,Landesliste,saschamk.bsky.social
286,11005059,Schahina Gambir,06.06.1991,weiblich,BÜNDNIS 90/DIE GRÜNEN,,133,Minden-Lübbecke I,Landesliste,schahinagambir.bsky.social
467,11005459,Simone Fischer,24.06.1979,weiblich,BÜNDNIS 90/DIE GRÜNEN,Beamtin,258,Stuttgart I,Direktwahl,simonefischer258.bsky.social
229,11004877,Stefan Schmidt,19.05.1981,männlich,BÜNDNIS 90/DIE GRÜNEN,Lehrer,232,Regensburg,Landesliste,stefanschmidt.bsky.social
2,11002720,Steffi Lemke,19.01.1968,weiblich,BÜNDNIS 90/DIE GRÜNEN,Dipl.-Agraringenieurin,70,Anhalt – Dessau – Wittenberg,Landesliste,steffi-lemke.de
204,11004801,Sven Lehmann,04.12.1979,männlich,BÜNDNIS 90/DIE GRÜNEN,,93,Köln II,Direktwahl,sven-lehmann.eu
337,11005152,Swantje Henrike Michaelsen,04.10.1979,weiblich,BÜNDNIS 90/DIE GRÜNEN,Historikerin M. A.,42,Stadt Hannover II,Landesliste,
564,11005556,Sylvia Rietenberg,20.07.1965,weiblich,BÜNDNIS 90/DIE GRÜNEN,Dipl.-Sozialarbeiterin,128,Münster,Direktwahl,
410,11005402,Tarek Al-Wazir,03.01.1971,männlich,BÜNDNIS 90/DIE GRÜNEN,Dipl.-Politologe,184,Offenbach,Landesliste,
453,11005445,Timon Dzienus,25.05.1996,männlich,BÜNDNIS 90/DIE GRÜNEN,Politikwissenschaftler,41,Stadt Hannover I,Landesliste,dzienus.bsky.social
396,11005259,Tina Winklmann,26.02.1980,weiblich,BÜNDNIS 90/DIE GRÜNEN,Verfahrensmechanikerin für Kunststoff- und Kautschuktechnik,233,Schwandorf,Landesliste,
135,11004395,Ulle Schauws,30.04.1966,weiblich,BÜNDNIS 90/DIE GRÜNEN,Film- und Fernsehwissenschaftlerin,113,Krefeld II – Wesel II,Landesliste,ulleschauws.bsky.social
440,11005432,Victoria Broßart,24.09.1992,weiblich,BÜNDNIS 90/DIE GRÜNEN,Ingenieurin,221,Rosenheim,Landesliste,victoriabrossart.bsky.social
478,11005470,Adrian Grasse,20.01.1975,männlich,CDU,"Industriekaufmann, Dipl.-Kaufmann",78,Berlin-Steglitz-Zehlendorf,Direktwahl,
142,11004415,Albert Stegemann,09.03.1976,männlich,CDU,Landwirtschaftsmeister,31,Mittelems,Direktwahl,
499,11005491,Alexander Jordan,21.11.1981,männlich,CDU,Dipl.-Ingenieur (FH) Elektrotechnik / Informationstechnik,51,Helmstedt – Wolfsburg,Direktwahl,jordanstein.bsky.social
240,11004917,Alexander Throm,08.09.1968,männlich,CDU,Rechtsanwalt,267,Heilbronn,Direktwahl,
42,11003780,Andreas Jung,13.05.1975,männlich,CDU,Rechtsanwalt,287,Konstanz,Direktwahl,andreas-jung.com
77,11004108,Andreas Mattfeldt,28.09.1969,männlich,CDU,Industriekaufmann,34,Osterholz – Verden,Direktwahl,
114,11004323,Anja Karliczek,29.04.1971,weiblich,CDU,"Dipl.-Kauffrau, Hotelfachfrau, Bankkauffrau",127,Steinfurt III,Direktwahl,
408,11005400,Anna Aeikens,15.08.1998,weiblich,CDU,Selbständige Agrarökonomin,67,Börde – Salzlandkreis,Landesliste,
307,11005093,Anne Janssen,31.08.1982,weiblich,CDU,"Krankenschwester, Lehrerin",26,Friesland – Wilhelmshaven – Wittmund,Landesliste,
319,11005110,Anne König,04.12.1984,weiblich,CDU,Gesamtschulrektorin,125,Borken II,Direktwahl,
67,11004056,Ansgar Heveling,03.07.1972,männlich,CDU,Ministerialbeamter (Oberregierungsrat a. D.),109,Krefeld I – Neuss II,Direktwahl,
1,11002718,Armin Laschet,18.02.1961,männlich,CDU,Ministerpräsident a. D.,86,Aachen I,Direktwahl,
146,11004425,Astrid Timmermann-Fechter,22.06.1963,weiblich,CDU,Bundestagsabgeordnete,117,Mülheim – Essen I,Landesliste,
71,11004073,Axel Knoerig,01.03.1967,männlich,CDU,Kommunal- und Politikwissenschaftler,33,Diepholz – Nienburg I,Direktwahl,
210,11004829,Axel Müller,24.07.1963,männlich,CDU,Vorsitzender Richter am Landgericht a. D.,294,Ravensburg,Direktwahl,
459,11005451,Bastian Ernst,30.01.1987,männlich,CDU,Betriebswirt,28,Delmenhorst – Wesermarsch – Oldenburg-Land,Direktwahl,
443,11005435,Benedikt Büdenbender,31.07.1989,männlich,CDU,Kommunikationsberater,147,Siegen-Wittgenstein,Direktwahl,
236,11004893,Björn Simon,18.05.1981,männlich,CDU,"Politologe, Magister Artium (M.A.)",184,Offenbach,Direktwahl,
571,11005563,Carl-Philipp Sassenrath,26.02.1990,männlich,CDU,"Volljurist, Ministerialbeamter",107,Neuss I,Direktwahl,
433,11005425,Caroline Bosbach,27.11.1989,weiblich,CDU,Wirtschaftswissenschaftlerin/Regulierungsmanagerin,99,Rheinisch-Bergischer Kreis,Direktwahl,
117,11004332,Carsten Körber,11.06.1979,männlich,CDU,"Betriebswirt, Politikwissenschaftler",164,Zwickau,Landesliste,
46,11003815,Carsten Müller,08.05.1970,männlich,CDU,"Bankkaufmann, Rechtsanwalt",50,Braunschweig,Landesliste,cwmsoils.bsky.social
364,11005198,Catarina Santos Firnhaber,08.07.1994,weiblich,CDU,Rechtsanwältin,87,Aachen II,Direktwahl,
105,11004286,Christian Haase,06.05.1966,männlich,CDU,Dipl.-Verwaltungswirt,135,Höxter – Gütersloh III – Lippe II,Direktwahl,homegrownhuman.bsky.social
53,11003890,Christian Hirte,23.05.1976,männlich,CDU,"Rechtsanwalt, Fachanwalt für Steuerrecht",189,Eisenach – Wartburgkreis – Unstrut-Hainich-Kreis,Landesliste,
33,11003639,Christian Stetten,24.07.1970,männlich,CDU,selbständiger Kaufmann,268,Schwäbisch Hall – Hohenlohe,Direktwahl,
380,11005235,Christina Stumpp,16.11.1987,weiblich,CDU,Verwaltungswirtin und Steuerrechtlerin LL.B.,264,Waiblingen,Direktwahl,
469,11005461,Christoph Frauenpreiß,15.11.1984,männlich,CDU,Dipl.-Bankbetriebswirt (FS),29,Cuxhaven – Stade II,Direktwahl,
243,11004926,Christoph Vries,04.12.1974,männlich,CDU,"Dipl.-Soziologe, ltd. Angestellter",18,Hamburg-Mitte,Landesliste,
514,11005506,Daniel Kölbl,29.10.1993,männlich,CDU,"Bankkaufmann, Abteilungsdirektor",7,Pinneberg,Direktwahl,
479,11005471,David Gregosz,10.10.1983,männlich,CDU,Unternehmer,188,Eichsfeld – Nordhausen – Kyffhäuserkreis,Landesliste,
84,11004152,Detlef Seif,15.08.1962,männlich,CDU,Rechtsanwalt,91,Euskirchen – Rhein-Erft-Kreis II,Direktwahl,
489,11005481,Diana Herbstreuth,27.02.1981,weiblich,CDU,Berufssoldatin,194,Saalfeld-Rudolstadt – Saale-Holzland-Kreis – Saale-Orla-Kreis,Landesliste,
85,11004168,Dieter Stier,29.06.1964,männlich,CDU,"Zootechniker/Mechanisator, Dipl.-Ing.agr., Pferdewirtschaftsmeister",72,Burgenland – Saalekreis,Landesliste,
173,11004684,Dr. Carsten Brodesser,05.09.1967,männlich,CDU,Ltd. Angestellter,98,Oberbergischer Kreis,Direktwahl,
74,11004098,Dr. Carsten Linnemann,10.08.1977,männlich,CDU,Volkswirt,136,Paderborn,Direktwahl,
369,11005205,Dr. Christiane Schenderlein,17.10.1981,weiblich,CDU,Politikwissenschaftlerin,150,Nordsachsen,Landesliste,
221,11004854,Dr. Christoph Ploß,19.07.1985,männlich,CDU,Historiker,21,Hamburg-Nord,Direktwahl,
415,11005407,Dr. Cornell-Anette Babendererde,01.03.1971,weiblich,CDU,Historikerin,36,Harburg,Direktwahl,
554,11005546,Dr. David Preisendanz,04.01.1984,männlich,CDU,Rechtsanwalt,261,Esslingen,Direktwahl,
115,11004327,Dr. Georg Kippels,21.09.1959,männlich,CDU,Rechtsanwalt,90,Rhein-Erft-Kreis I,Direktwahl,
112,11004305,Dr. Hendrik Hoppenstedt,14.06.1972,männlich,CDU,"Jurist, Staatsminister a. D., Bürgermeister a. D.",43,Hannover-Land I,Direktwahl,
292,11005069,Dr. Ingeborg Gräßle,02.03.1961,weiblich,CDU,Journalistin,269,Backnang – Schwäbisch Gmünd,Direktwahl,
75,11004100,Dr. Jan-Marco Luczak,02.10.1975,männlich,CDU,Rechtsanwalt,80,Berlin-Tempelhof-Schöneberg,Landesliste,
87,11004182,Dr. Johann Wadephul,10.02.1963,männlich,CDU,Rechtsanwalt,4,Rendsburg-Eckernförde,Direktwahl,
594,11005587,Dr. Katja Strauss-Köster,19.08.1970,weiblich,CDU,"Bürgermeisterin (2009-2025), Dr.-Ing. Raumplanerin",138,Ennepe-Ruhr-Kreis II,Direktwahl,
394,11005257,Dr. Klaus Wiener,21.08.1962,männlich,CDU,Volkswirt,103,Mettmann I,Direktwahl,
393,11005254,Dr. Maria-Lena Weiss,04.04.1981,weiblich,CDU,Rechtsanwältin,285,Rottweil – Tuttlingen,Direktwahl,
356,11005185,Dr. Markus Reichel,15.07.1968,männlich,CDU,"Dipl.-Mathematiker, Geschäftsführer",158,Dresden I,Landesliste,
270,11005033,Dr. Marlon Bröhr,03.04.1974,männlich,CDU,"Zahnarzt, Landrat a. D.",199,Mosel/Rhein-Hunsrück,Direktwahl,
354,11005182,Dr. Martin Plum,26.02.1982,männlich,CDU,Richter a. D.,110,Viersen,Direktwahl,
78,11004110,Dr. Mathias Middelberg,14.12.1964,männlich,CDU,Volljurist,39,Stadt Osnabrück,Direktwahl,
3,11002733,Dr. Michael Meister,09.06.1961,männlich,CDU,Dipl.-Mathematiker,187,Bergstraße,Direktwahl,
6,11002765,Dr. Norbert Röttgen,02.07.1965,männlich,CDU,Rechtsanwalt,97,Rhein-Sieg-Kreis II,Direktwahl,
386,11005244,Dr. Oliver Vogt,15.07.1977,männlich,CDU,"Dipl.-Physiker, Gymnasiallehrer",133,Minden-Lübbecke I,Direktwahl,
316,11005106,Dr. Ottilie Klein,14.02.1984,weiblich,CDU,Abteilungsdirektorin,81,Berlin-Neukölln,Landesliste,
250,11004954,Dr. Saskia Ludwig,23.05.1968,weiblich,CDU,Dipl.-Kauffrau,60,BRB a.d.Havel– Potsdam-MittelmarkI –HVL III–Teltow-Fläming I,Landesliste,
516,11005508,Dr. Stefan Korbach,16.03.1958,männlich,CDU,Dipl.-Kaufmann,178,Wiesbaden,Direktwahl,
344,11005163,Dr. Stefan Nacke,27.01.1976,männlich,CDU,"Soziologe, Sozialethiker",128,Münster,Landesliste,
62,11004038,Dr. Thomas Gebhart,20.12.1971,männlich,CDU,"Magister (Politikwissenschaft, Betriebswirtschaftslehre)",210,Südpfalz,Direktwahl,
550,11005542,Dr. Thomas Pauls,03.10.1986,männlich,CDU,,176,Wetterau I,Direktwahl,
271,11005035,Dr. Yannick Bury,11.03.1990,männlich,CDU,Volkswirt,283,Emmendingen – Lahr,Direktwahl,
51,11003865,Elisabeth Winkelmeier-Becker,15.09.1962,weiblich,CDU,Richterin,96,Rhein-Sieg-Kreis I,Direktwahl,
447,11005439,Ellen Demuth,10.07.1982,weiblich,CDU,Dipl.-Betriebswirtin (FH),196,Neuwied,Direktwahl,
291,11005068,Fabian Gramling,05.04.1987,männlich,CDU,Bundestagsabgeordneter,266,Neckar-Zaber,Direktwahl,
232,11004883,Felix Schreiner,29.01.1986,männlich,CDU,,288,Waldshut,Direktwahl,
425,11005417,Florian Bilic,10.01.1994,männlich,CDU,Hauptgeschäftsführer,209,Pirmasens,Direktwahl,
342,11005160,Florian Müller,14.09.1987,männlich,CDU,Strategiereferent,148,Olpe – Märkischer Kreis I,Direktwahl,florianmue.bsky.social
544,11005536,Florian Oest,25.08.1987,männlich,CDU,Jurist und Betriebswirt,156,Görlitz,Landesliste,
302,11005087,Franziska Hoppermann,08.01.1982,weiblich,CDU,"Senatsdirektorin, Dipl.-Kauffrau",22,Hamburg-Wandsbek,Landesliste,
436,11005428,Frederik Bouffier,07.10.1990,männlich,CDU,Rechtsanwalt,172,Gießen,Direktwahl,
4,11002735,Friedrich Merz,11.11.1955,männlich,CDU,Rechtsanwalt,146,Hochsauerlandkreis,Direktwahl,herzstattmerz.bsky.social
104,11004285,Fritz Güntzler,06.05.1966,männlich,CDU,"Wirtschaftsprüfer, Steuerberater",53,Göttingen I,Direktwahl,
483,11005475,Georg Günther,14.05.1988,männlich,CDU,Dipl.-Finanzwirt (FH),15,Vorpommern-Rügen – Vorpommern-Greifswald I,Landesliste,
17,11003514,Gitta Connemann,10.05.1964,weiblich,CDU,"Verkäuferin, Volljuristin",25,Unterems,Direktwahl,
22,11003573,Gunther Krichbaum,04.05.1964,männlich,CDU,Wirtschaftsjurist,279,Pforzheim,Direktwahl,
545,11005537,Harald Orthey,25.06.1968,männlich,CDU,Betriebswirt (VWA),203,Montabaur,Direktwahl,
47,11003821,Henning Otte,27.10.1968,männlich,CDU,,44,Celle – Uelzen,Direktwahl,
355,11005184,Henning Rehbaum,10.09.1973,männlich,CDU,Dipl.-Betriebswirt (FH),129,Warendorf,Direktwahl,
578,11005570,Henri Schmidt,07.05.1983,männlich,CDU,Geschäftsführer,10,Herzogtum Lauenburg – Stormarn-Süd,Direktwahl,henrismitch.bsky.social
99,11004269,Hermann Färber,26.03.1963,männlich,CDU,Landwirtschaftsmeister,263,Göppingen,Direktwahl,
121,11004352,Jan Metzler,05.07.1981,männlich,CDU,"Winzer, Dipl.-Betriebswirt (FH)",205,Worms,Direktwahl,
552,11005544,Jan-Wilhelm Pohlmann,31.07.1986,männlich,CDU,Politik- und Verwaltungswissenschaftlicher,166,Waldeck,Direktwahl,
203,11004800,Jens Lehmann,19.12.1967,männlich,CDU,Erzieher,151,Leipzig I,Landesliste,benniikl.bsky.social
32,11003638,Jens Spahn,16.05.1980,männlich,CDU,Bankkaufmann,123,Steinfurt I – Borken I,Direktwahl,
455,11005447,Joachim Ebmeyer,30.01.1985,männlich,CDU,Volkswirt,132,Herford – Minden-Lübbecke II,Direktwahl,
565,11005557,Johannes Rothenberger,07.08.1980,männlich,CDU,Rechtsanwalt,284,Offenburg,Direktwahl,
144,11004418,Johannes Steiniger,18.06.1987,männlich,CDU,"Gymnasiallehrer, MdB",207,Neustadt – Speyer,Direktwahl,
609,11005602,Johannes Volkmann,11.12.1996,männlich,CDU,"Volkswirt, Sinologe",171,Lahn-Dill,Direktwahl,
617,11005610,Johannes Wiegelmann,02.02.1993,männlich,CDU,Rechtsanwalt,174,Main-Kinzig – Wetterau II – Schotten,Direktwahl,
619,11005612,Johannes Winkel,28.10.1991,männlich,CDU,Volljurist,106,Düsseldorf II,Direktwahl,
216,11004845,Josef Oster,04.01.1971,männlich,CDU,"Dipl.-Verwaltungswirt (FH), Bürgermeister a. D.",198,Koblenz,Direktwahl,
21,11003566,Julia Klöckner,16.12.1972,weiblich,CDU,"Chefredakteurin, Bundesministerin a. D.",200,Kreuznach,Direktwahl,dorokloeckner.bsky.social
65,11004050,Jürgen Hardt,30.05.1963,männlich,CDU,Dipl.-Volkswirt,102,Solingen – Remscheid – Wuppertal II,Direktwahl,
152,11004443,Kai Whittaker,10.04.1985,männlich,CDU,Wirtschaftswissenschaftler M. Sc.,273,Rastatt,Direktwahl,
128,11004382,Kerstin Radomski,01.11.1974,weiblich,CDU,Studienrätin,113,Krefeld II – Wesel II,Direktwahl,
242,11004924,Kerstin Vieregge,06.09.1976,weiblich,CDU,staatlich geprüfte Betriebswirtin,134,Lippe I,Direktwahl,
332,11005138,Klaus Mack,28.04.1973,männlich,CDU,"Dipl,-Verwaltungswirt (FH)",280,Calw,Direktwahl,
14,11003264,Klaus-Peter Willsch,28.02.1961,männlich,CDU,Dipl.-Volkswirt,177,Rheingau-Taunus – Limburg,Direktwahl,
254,11005002,Knut Abraham,04.06.1966,männlich,CDU,Diplomat,65,Elbe-Elster – Oberspreewald-Lausitz,Landesliste,
457,11005449,Lars Ehm,09.04.1976,männlich,CDU,Volljurist,121,Recklinghausen II,Direktwahl,
359,11005190,Lars Rohwer,01.02.1972,männlich,CDU,Bankkaufmann,159,Dresden II – Bautzen II,Landesliste,larsrohwer.bsky.social
430,11005422,Leif Erik Bodin,20.06.1996,männlich,CDU,Jurist,2,Nordfriesland – Dithmarschen Nord,Direktwahl,
522,11005514,Lukas Krieger,11.11.1987,männlich,CDU,Rechtsanwalt,79,Berlin-Charlottenburg-Wilmersdorf,Direktwahl,
439,11005431,Lutz Brinkmann,27.12.1975,männlich,CDU,selbstständiger Dipl.-Bauingenieur,38,Osnabrück-Land,Direktwahl,
168,11004673,Marc Biadacz,03.09.1979,männlich,CDU,Sozialwissenschaftler,260,Böblingen,Direktwahl,
189,11004744,Marc Henrichmann,01.06.1976,männlich,CDU,Rechtsanwalt,126,Coesfeld – Steinfurt II,Direktwahl,
399,11005263,Mareike Lotte Wulf,15.11.1979,weiblich,CDU,Verbandsgeschäftsführerin,46,Hameln-Pyrmont – Holzminden,Landesliste,
110,11004298,Mark Helfrich,08.09.1978,männlich,CDU,Betriebswirt,3,Steinburg – Dithmarschen Süd,Direktwahl,
116,11004331,Markus Koob,05.12.1977,männlich,CDU,,175,Hochtaunus,Direktwahl,
586,11005579,Marvin Schulz,14.11.1994,männlich,CDU,Angestellter,76,Berlin-Reinickendorf,Direktwahl,
108,11004292,Matthias Hauer,18.12.1977,männlich,CDU,Rechtsanwalt,119,Essen III,Direktwahl,matthiashauer.bsky.social
66,11004052,Mechthild Heil,23.08.1961,weiblich,CDU,Dipl.-Ing. Architektin,197,Ahrweiler,Direktwahl,
166,11004670,Melanie Bernstein,28.09.1976,weiblich,CDU,Kulturwissenschaftlerin,8,Segeberg – Stormarn-Mitte,Direktwahl,
38,11003742,Michael Brand,19.11.1973,männlich,CDU,"Angestellter, Pressesprecher",173,Fulda,Direktwahl,molcher.bsky.social
95,11004262,Michael Donth,08.06.1967,männlich,CDU,Bürgermeister a. D.,289,Reutlingen,Direktwahl,
496,11005488,Michael Hose,28.09.1984,männlich,CDU,Schulleiter/ Gymnasiallehrer,192,Erfurt – Weimar – Weimarer Land II,Landesliste,mgsing66.bsky.social
503,11005495,Nicklas Kappe,11.11.1996,männlich,CDU,Chemieingenieur,124,Bottrop – Recklinghausen III,Direktwahl,
401,11005266,Nicolas Zippelius,01.08.1987,männlich,CDU,MdB,272,Karlsruhe-Land,Direktwahl,zippelius.bsky.social
150,11004437,Nina Warken,15.05.1979,weiblich,CDU,Rechtsanwältin,276,Odenwald – Tauber,Direktwahl,
589,11005582,Nora Seitz,10.05.1984,weiblich,CDU,Fleischermeisterin,161,Chemnitz,Landesliste,
161,11004655,Norbert Maria Altenkamp,27.07.1972,männlich,CDU,Dipl.-Volkswirt,180,Main-Taunus,Direktwahl,
19,11003544,Olav Gutting,14.10.1970,männlich,CDU,"Rechtsanwalt, Fachanwalt für Erbrecht",278,Bruchsal – Schwetzingen,Direktwahl,
553,11005545,Oliver Pöpsel,06.04.1973,männlich,CDU,Versicherungsfachmann,145,Soest,Direktwahl,
559,11005551,Pascal Reddig,10.04.1995,männlich,CDU,Rechtsanwalt,179,Hanau,Direktwahl,
24,11003582,Patricia Lips,21.12.1963,weiblich,CDU,Handelsfachwirtin,186,Odenwald,Direktwahl,
82,11004146,Patrick Schnieder,01.05.1968,männlich,CDU,Bürgermeister a. D.,201,Bitburg,Direktwahl,
247,11004938,Paul Ziemiak,06.09.1985,männlich,CDU,Generalsekretär der CDU NRW,149,Märkischer Kreis II,Direktwahl,
57,11004010,Peter Beyer,25.12.1970,männlich,CDU,Rechtsanwalt,104,Mettmann II,Direktwahl,
495,11005487,Philip M. A. Hoffmann,21.11.1988,männlich,CDU,Ökonom,297,Saarlouis,Direktwahl,
162,11004656,Philipp Amthor,10.11.1992,männlich,CDU,Jurist,16,Mecklenburgische Seenplatte I – Vorpommern-Greifswald II ,Landesliste,
23,11003574,Prof. Dr. Günter Krings,07.08.1969,männlich,CDU,Jurist,108,Mönchengladbach,Direktwahl,
595,11005588,Prof. Dr. Hendrik Streeck,07.08.1977,männlich,CDU,Universitätsprofessor,95,Bonn,Direktwahl,
493,11005485,Prof. Dr. Matthias Hiller,08.01.1985,männlich,CDU,Steuerberater und Hochschullehrer,262,Nürtingen,Direktwahl,
60,11004021,Ralph Brinkhaus,15.06.1968,männlich,CDU,Steuerberater,130,Gütersloh I,Direktwahl,
70,11004068,Roderich Kiesewetter,11.09.1963,männlich,CDU,Oberst a. D. / Diplom-Kaufmann (univ.),270,Aalen – Heidenheim,Direktwahl,rodki.bsky.social
599,11005592,Roland Theis,17.03.1980,männlich,CDU,Jurist,298,St. Wendel,Direktwahl,
157,11004617,Ronja Schmitt,03.05.1989,weiblich,CDU,Volkswirtin,291,Ulm,Direktwahl,
444,11005436,Sandra Carstensen,02.10.1971,weiblich,CDU,Juristin,6,Plön – Neumünster,Direktwahl,
421,11005413,Sascha Beek,16.06.1983,männlich,CDU,Gesundheits- und Krankenpfleger,112,Wesel I,Direktwahl,
579,11005571,Sebastian Schmidt,08.08.1993,männlich,CDU,"Bankkaufmann, staatl. geprüfter Betriebswirt",9,Ostholstein – Stormarn-Nord,Direktwahl,flippedmathe.bsky.social
143,11004417,Sebastian Steineke,19.06.1973,männlich,CDU,Rechtsanwalt,56,Prignitz – Ostprignitz-Ruppin – Havelland I,Landesliste,sebastiansteineke.bsky.social
212,11004832,Sepp Müller,22.01.1989,männlich,CDU,Dipl.-Bankbetriebswirt Frankfurt School of Finance and Management,70,Anhalt – Dessau – Wittenberg,Landesliste,
294,11005072,Serap Güler,07.07.1980,weiblich,CDU,Beamtin,92,Köln I,Landesliste,serapgueler.bsky.social
172,11004681,Silvia Breher,23.07.1973,weiblich,CDU,Volljuristin,32,Cloppenburg – Vechta,Direktwahl,
268,11005030,Simone Borchardt,11.09.1967,weiblich,CDU,Gesundheitsökonomin,13,Ludwigslust-Parchim II–Nordwestmecklenbg II–Landkr. RostockI,Landesliste,
226,11004867,Stefan Rouenhoff,23.12.1978,männlich,CDU,,111,Kleve,Direktwahl,
58,11004011,Steffen Bilger,16.02.1979,männlich,CDU,Volljurist,265,Ludwigsburg,Direktwahl,
89,11004241,Stephan Albani,03.06.1968,männlich,CDU,Dipl.-Physiker,27,Oldenburg – Ammerland,Landesliste,
37,11003734,Thomas Bareiß,15.02.1975,männlich,CDU,Dipl.-Betriebswirt,295,Zollernalb – Sigmaringen,Direktwahl,
68,11004061,Thomas Jarzombek,28.04.1973,männlich,CDU,IT-Berater,105,Düsseldorf I,Direktwahl,
5,11002754,Thomas Rachel,17.05.1962,männlich,CDU,Politikwissenschaftler,89,Düren,Direktwahl,math-rachel.bsky.social
361,11005193,Thomas Röwekamp,18.09.1966,männlich,CDU,"Rechtsanwalt, Notar",54,Bremen I,Landesliste,
102,11004276,Thorsten Frei,08.08.1973,männlich,CDU,"Jurist, Oberbürgermeister a. D.",286,Schwarzwald-Baar,Direktwahl,judithhopkins132.bsky.social
414,11005406,Tijen Ataoğlu,21.07.1989,weiblich,CDU,Richterin am Landgericht,137,Hagen – Ennepe-Ruhr-Kreis I,Direktwahl,
323,11005118,Tilman Kuban,26.05.1987,männlich,CDU,Rechtsanwalt,47,Hannover-Land II,Landesliste,
139,11004409,Tino Sorge,04.03.1975,männlich,CDU,Rechtsanwalt,69,Magdeburg,Landesliste,tinosorge.bsky.social
101,11004271,Uwe Feiler,02.11.1965,männlich,CDU,Finanzwirt,58,Oberhavel – Havelland II,Landesliste,
627,11005620,Vanessa Zobel,08.02.1988,weiblich,CDU,Bankkauffrau,30,Stade I – Rotenburg II,Direktwahl,
596,11005589,Vivian Tauschwitz,29.07.1994,weiblich,CDU,Offizierin,35,Rotenburg I – Heidekreis,Landesliste,
336,11005146,Volker Mayer-Lay,22.06.1981,männlich,CDU,Rechtsanwalt,293,Bodensee,Direktwahl,
123,11004365,Wilfried Oellers,16.09.1975,männlich,CDU,Rechtsanwalt,88,Heinsberg,Direktwahl,
473,11005465,Wilhelm Gebhard,15.06.1976,männlich,CDU,Bürgermeister,168,Werra-Meißner – Hersfeld-Rotenburg,Direktwahl,
446,11005438,Wolfgang Dahler,06.05.1975,männlich,CDU,Rechtsanwalt,292,Biberach,Direktwahl,
30,11003620,Albert Rupprecht,10.06.1968,männlich,CSU,Dipl.-Volkswirt,234,Weiden,Direktwahl,
18,11003516,Alexander Dobrindt,07.06.1970,männlich,CSU,Dipl.-Soziologe,225,Weilheim,Direktwahl,marcusphoenix.bsky.social
283,11005050,Alexander Engelhard,26.09.1972,männlich,CSU,"Müller, Dipl.-Wirtschaftsingenieur (FH)",254,Neu-Ulm,Direktwahl,
111,11004304,Alexander Hoffmann,06.03.1975,männlich,CSU,Jurist,248,Main-Spessart,Direktwahl,raahoff.bsky.social
129,11004383,Alexander Radwan,30.08.1964,männlich,CSU,Rechtsanwalt,222,Bad Tölz-Wolfratshausen – Miesbach,Direktwahl,
130,11004384,Alois Rainer,07.01.1965,männlich,CSU,Metzgermeister,230,Straubing,Direktwahl,
120,11004342,Andrea Lindholz,25.09.1970,weiblich,CSU,"Rechtsanwältin, Fachanwältin für Familienrecht",246,Aschaffenburg,Direktwahl,
34,11003706,Artur Auernhammer,09.03.1963,männlich,CSU,Landwirtschaftsmeister,240,Ansbach,Direktwahl,
541,11005533,Christian Moser,14.11.1989,männlich,CSU,"Jurist, Nebenerwerbslandwirt",213,Freising,Direktwahl,christianmoser.bsky.social
29,11003613,Daniela Raab,07.07.1975,weiblich,CSU,Juristin,221,Rosenheim,Direktwahl,
26,11003586,Dorothee Mantel,19.04.1978,weiblich,CSU,Diplom-Politologin,247,Bad Kissingen,Direktwahl,
119,11004339,Dr. Andreas Lenz,23.04.1981,männlich,CSU,Dipl.-Betriebswirt (FH),212,Erding – Ebersberg,Direktwahl,
151,11004440,Dr. Anja Weisgerber,11.03.1976,weiblich,CSU,Rechtsanwältin,249,Schweinfurt,Direktwahl,
449,11005441,Dr. Florian Dorn,24.05.1986,männlich,CSU,Volkswirt,255,Memmingen – Unterallgäu,Direktwahl,
452,11005444,Dr. Hülya Düber,05.07.1978,weiblich,CSU,Sozialreferentin / rechtskundige berufsmäßige Stadträtin,250,Würzburg,Direktwahl,
287,11005063,Dr. Jonas Geissler,05.06.1984,männlich,CSU,Regierungsrat a. D.,237,Coburg,Direktwahl,
518,11005510,Dr. Konrad Körner,27.04.1992,männlich,CSU,Rechtsanwalt,241,Erlangen,Direktwahl,
59,11004018,Dr. Reinhard Brandl,01.08.1977,männlich,CSU,Dipl.-Wirtschaftsingenieur,215,Ingolstadt,Direktwahl,
118,11004336,Dr. Silke Launert,27.12.1976,weiblich,CSU,Richterin am Landgericht a. D.,236,Bayreuth,Direktwahl,
220,11004853,Dr. Stephan Pilsinger,17.02.1987,männlich,CSU,Hausarzt,219,München-West/Mitte,Direktwahl,
141,11004414,Dr. Wolfgang Stefinger,20.04.1985,männlich,CSU,Betriebswirt,217,München-Ost,Direktwahl,
154,11004452,Emmi Zeulner,27.03.1987,weiblich,CSU,Examinierte Gesundheits-und Krankenpflegerin,239,Kulmbach,Direktwahl,
64,11004048,Florian Hahn,14.03.1974,männlich,CSU,MdB,220,München-Land,Direktwahl,
124,11004366,Florian Oßner,05.07.1980,männlich,CSU,MdB,227,Landshut,Direktwahl,
418,11005410,Günter Baumgartner,24.04.1975,männlich,CSU,Bankbetriebswirt,229,Rottal-Inn,Direktwahl,
515,11005507,Hans Koller,15.07.1971,männlich,CSU,"Landwirt, Gastwirt",228,Passau,Direktwahl,
97,11004264,Hansjörg Durz,29.07.1971,männlich,CSU,"Dipl.-Kaufmann, Bankkaufmann",252,Augsburg-Land,Direktwahl,
485,11005477,Heiko Hain,26.03.1982,männlich,CSU,Verwaltungsfachwirt,238,Hof,Direktwahl,
238,11004901,Katrin Staffler,04.11.1981,weiblich,CSU,Biochemikerin,214,Fürstenfeldbruck,Direktwahl,
284,11005052,Martina Englhardt-Kopf,08.06.1981,weiblich,CSU,Studiendirektorin a. D.,233,Schwandorf,Direktwahl,
398,11005261,Mechthilde Wittmann,12.12.1967,weiblich,CSU,Juristin,256,Oberallgäu,Direktwahl,
61,11004034,Michael Frieser,30.03.1964,männlich,CSU,Rechtsanwalt,244,Nürnberg-Süd,Direktwahl,
198,11004779,Michael Kießling,29.05.1973,männlich,CSU,Dipl.-Bauingenieur (FH),223,Starnberg – Landsberg am Lech,Direktwahl,
55,11004004,Peter Aumer,17.04.1976,männlich,CSU,,232,Regensburg,Direktwahl,
600,11005593,Prof. Dr. Hans Theiss,20.09.1977,männlich,CSU,Arzt,216,München-Nord,Direktwahl,hanstheiss.bsky.social
281,11005048,Ralph Edelhäußer,22.03.1973,männlich,CSU,"Bankkaufmann, Dipl.-Betriebswirt (FH)",245,Roth,Direktwahl,
612,11005605,Siegfried Walch,08.04.1984,männlich,CSU,"Kaufmann, Betriebswirt (HWK)",224,Traunstein,Direktwahl,siwmci.bsky.social
27,11003589,Stephan Mayer,15.12.1973,männlich,CSU,Rechtsanwalt,211,Altötting,Direktwahl,
86,11004169,Stephan Stracke,01.04.1974,männlich,CSU,Volljurist,257,Ostallgäu,Direktwahl,
301,11005085,Susanne Hierl,29.09.1973,weiblich,CSU,Rechtsanwältin,231,Amberg,Direktwahl,
179,11004709,Thomas Erndl,22.07.1974,männlich,CSU,Dipl.-Ing. (FH) Elektrotechnik / Mikroelektronik,226,Deggendorf,Direktwahl,
31,11003636,Thomas Silberhorn,12.11.1968,männlich,CSU,Rechtsanwalt,235,Bamberg,Direktwahl,
395,11005258,Tobias Winkler,16.01.1978,männlich,CSU,Abgeordneter,242,Fürth,Direktwahl,tobiderw.bsky.social
72,11004087,Ulrich Lange,06.06.1969,männlich,CSU,Rechtsanwalt,253,Donau-Ries,Direktwahl,
605,11005598,Aaron Valent,14.03.1997,männlich,DIE LINKE.,Ausbildung zum Rechtsanwaltsfachangestellten,250,Würzburg,Landesliste,
445,11005437,Agnes Conrad,29.10.1997,weiblich,DIE LINKE.,Konzernbetriebsratsreferentin,249,Schweinfurt,Landesliste,
624,11005617,Anne Zerr,21.07.1993,weiblich,DIE LINKE.,Gewerkschaftssekretärin,289,Reutlingen,Landesliste,
438,11005430,Anne-Mieke Bremer,31.10.1991,weiblich,DIE LINKE.,Sozialarbeiterin,40,Nienburg II – Schaumburg,Landesliste,koffeinpiratin.dielinkebt.de
295,11005073,Ates Gürpinar,25.09.1984,männlich,DIE LINKE.,,221,Rosenheim,Landesliste,atesguerpinar.dielinkebt.de
48,11003824,Bodo Ramelow,16.02.1956,männlich,DIE LINKE.,Kaufmann,192,Erfurt – Weimar – Weimarer Land II,Direktwahl,bodoramelow.bsky.social
513,11005505,Cansin Köktürk,13.06.1993,weiblich,DIE LINKE.,Sozialarbeiterin,139,Bochum I,Landesliste,
546,11005538,Cansu Özdemir,08.09.1988,weiblich,DIE LINKE.,,,,Landesliste,cansuyavuzer.bsky.social
73,11004088,Caren Lay,11.12.1972,weiblich,DIE LINKE.,Dipl.-Soziologin,155,Bautzen I,Landesliste,carenlay.bsky.social
498,11005490,Cem Ince,09.12.1993,männlich,DIE LINKE.,Elektroniker für Automatisierungstechnik,49,Salzgitter – Wolfenbüttel,Landesliste,cembeyinizm.bsky.social
542,11005534,Charlotte Antonia Neuhäuser,25.11.1998,weiblich,DIE LINKE.,Studentin,136,Paderborn,Landesliste,
290,11005067,Christian Görke,17.03.1962,männlich,DIE LINKE.,Lehrer für Sport und Geschichte,64,Cottbus – Spree-Neiße,Landesliste,christiangoerke.dielinkebt.de
618,11005611,Christin Willnat,03.04.1986,weiblich,DIE LINKE.,Übersetzerin und Integrationshelferin,60,BRB a.d.Havel– Potsdam-MittelmarkI –HVL III–Teltow-Fläming I,Landesliste,
403,11005289,Clara Bünger,04.07.1986,weiblich,DIE LINKE.,Volljuristin,159,Dresden II – Bautzen II,Landesliste,clarabuenger.bsky.social
576,11005568,David Schliesing,26.01.1983,männlich,DIE LINKE.,"Schauspieldramaturg, Audioredakteur",67,Börde – Salzlandkreis,Landesliste,
419,11005411,Desiree Becker,27.01.1994,weiblich,DIE LINKE.,Gewerkschaftssekretärin,172,Gießen,Landesliste,
608,11005601,Donata Vogtschmidt,24.02.1998,weiblich,DIE LINKE.,Staatswissenschaftlerin,188,Eichsfeld – Nordhausen – Kyffhäuserkreis,Landesliste,donatavogtschmidt.bsky.social
159,11004651,Doris Achelwilm,30.11.1976,weiblich,DIE LINKE.,Sprachwissenschaftlerin (M.A.),54,Bremen I,Landesliste,dorisachelwilm.bsky.social
7,11003034,Dr. Dietmar Bartsch,31.03.1958,männlich,DIE LINKE.,Wirtschaftswissenschaftler,14,Rostock – Landkreis Rostock II,Landesliste,
461,11005453,Dr. Fabian Fahl,20.03.1993,männlich,DIE LINKE.,Wissenschaftlicher Mitarbeiter,86,Aachen I,Landesliste,
0,11000756,Dr. Gregor Gysi,16.01.1948,männlich,DIE LINKE.,Rechtsanwalt,83,Berlin-Treptow-Köpenick,Direktwahl,
411,11005403,Dr. Michael Arndt,18.03.1964,männlich,DIE LINKE.,Arzt,299,Homburg,Landesliste,
582,11005575,Evelyn Schötz,30.06.1961,weiblich,DIE LINKE.,Altenpflegerin,245,Roth,Landesliste,
509,11005501,Ferat Koçak,26.05.1979,männlich,DIE LINKE.,Dipl.-Wirtschaftswissenschaftler,81,Berlin-Neukölln,Direktwahl,feratkocak.dielinkebt.de
602,11005595,Gerhard Trabert,03.07.1956,männlich,DIE LINKE.,,204,Mainz,Landesliste,
160,11004653,Gökay Akbulut,16.11.1982,weiblich,DIE LINKE.,Sozialwissenschaftlerin,275,Mannheim,Landesliste,goekayakbulut.bsky.social
357,11005186,Heidi Reichinnek,19.04.1988,weiblich,DIE LINKE.,pädagigische Mitarbeiterin in der Jugendhilfe,39,Stadt Osnabrück,Landesliste,heidireichinnek.dielinkebt.de
325,11005123,Ina Latendorf,26.06.1971,weiblich,DIE LINKE.,Juristin und Facharbeiterin für Pflanzenproduktion,12,Schwerin – Ludwigslust-Parchim I – Nordwestmecklenburg I,Landesliste,
587,11005580,Ines Schwerdtner,26.08.1989,weiblich,DIE LINKE.,"Journalistin, Publizistin",85,Berlin-Lichtenberg,Direktwahl,inesschwerdtner.bsky.social
606,11005599,Isabelle Vandre,27.07.1989,weiblich,DIE LINKE.,Politikwissenschaftlerin,61,Potsdam – Potsdam-Mittelmark II – Teltow-Fläming II,Landesliste,isavandre.bsky.social
54,11004001,Jan Aken,01.05.1961,männlich,DIE LINKE.,Biologe,,,Landesliste,janvanaken.dielinkebt.de
519,11005511,Jan Köstering,22.10.1997,männlich,DIE LINKE.,KFZ-Mechatroniker,98,Oberbergischer Kreis,Landesliste,jan-koestering.de
435,11005427,Janina Böttger,04.04.1982,weiblich,DIE LINKE.,Europäische Dipl.-Verwaltungsmanagerin,71,Halle,Landesliste,
397,11005260,Janine Wissler,23.05.1981,weiblich,DIE LINKE.,Dipl.-Politikwissenschaftlerin,181,Frankfurt am Main I,Landesliste,janinewissler.bsky.social
434,11005426,Jorrit Bosch,08.09.1997,männlich,DIE LINKE.,,,,Landesliste,jorritbosch.dielinkebt.de
590,11005583,Julia-Christina Stange,25.04.1978,weiblich,DIE LINKE.,Fachkinderkrankenschwester,205,Worms,Landesliste,
175,11004693,Jörg Cezanne,08.06.1958,männlich,DIE LINKE.,"Verbandsgeschäftsführer, Soziologe",183,Groß-Gerau,Landesliste,
474,11005466,Katalin Gennburg,05.03.1984,weiblich,DIE LINKE.,,84,Berlin-Marzahn-Hellersdorf,Landesliste,
472,11005464,Kathrin Gebel,05.04.1997,weiblich,DIE LINKE.,,128,Münster,Landesliste,
465,11005457,Katrin Fey,07.12.1967,weiblich,DIE LINKE.,Dipl.-Sozialpädagogin,147,Siegen-Wittgenstein,Landesliste,
562,11005554,Lea Reisner,09.03.1989,weiblich,DIE LINKE.,Gesundheits- und Krankenpflegerin,93,Köln II,Landesliste,leali.bsky.social
167,11004672,Lorenz Gösta Beutin,18.07.1978,männlich,DIE LINKE.,"Historiker, Angestellter",1,Flensburg – Schleswig,Landesliste,lgbeutin.bsky.social
547,11005539,Luigi Pantisano,28.07.1979,männlich,DIE LINKE.,"Stadtplaner, Architekt",258,Stuttgart I,Landesliste,luigipantisano.bsky.social
497,11005489,Luke Hoß,03.09.2001,männlich,DIE LINKE.,,228,Passau,Landesliste,luke-hoss.de
442,11005434,Maik Brückner,16.06.1992,männlich,DIE LINKE.,Mediengestalter,48,Hildesheim,Landesliste,maikbrueckner.bsky.social
458,11005450,Mandy Eißing,31.08.1976,weiblich,DIE LINKE.,Friseurin,194,Saalfeld-Rudolstadt – Saale-Holzland-Kreis – Saale-Orla-Kreis,Landesliste,
417,11005409,Marcel Bauer,30.04.1992,männlich,DIE LINKE.,Forstwirt,271,Karlsruhe-Stadt,Landesliste,emet-news-press.bsky.social
490,11005482,Mareike Hermeier,17.08.1989,weiblich,DIE LINKE.,Kauffrau im Großhandel,123,Steinfurt I – Borken I,Landesliste,
502,11005494,Maren Kaminski,15.02.1979,weiblich,DIE LINKE.,Gewerkschaftssekretärin,42,Stadt Hannover II,Landesliste,marenkaminski.dielinkebt.de
456,11005448,Mirze Edis,01.01.1972,männlich,DIE LINKE.,Betriebsratsmitglied,114,Duisburg I,Landesliste,
63,11004041,Nicole Gohlke,15.11.1975,weiblich,DIE LINKE.,Sozialwissenschaftlerin,219,München-West/Mitte,Landesliste,nicolegohlke.bsky.social
207,11004819,Pascal Meiser,07.03.1975,männlich,DIE LINKE.,Dipl.-Politikwissenschaftler,82,Berlin-Friedrichshain-Kreuzberg – Prenzlauer Berg Ost,Direktwahl,pascalmeiser.bsky.social
538,11005530,Sahra Mirow,10.01.1984,weiblich,DIE LINKE.,wissenschaftliche Mitarbeiterin,274,Heidelberg,Landesliste,
610,11005603,Sarah Vollath,26.12.1995,weiblich,DIE LINKE.,Sozialarbeiterin (FH),215,Ingolstadt,Landesliste,
611,11005604,Sascha Wagner,23.05.1980,männlich,DIE LINKE.,Angestellter,116,Oberhausen – Wesel III,Landesliste,saschahwagner.bsky.social
526,11005518,Sonja Lemke,22.11.1991,weiblich,DIE LINKE.,Informatikerin,142,Dortmund II,Landesliste,sonjalemke.dielinkebt.de
535,11005527,Stella Merendino,08.04.1994,weiblich,DIE LINKE.,Gesundheits- und Krankenpflegerin,74,Berlin-Mitte,Landesliste,
218,11004848,Sören Pellmann,11.02.1977,männlich,DIE LINKE.,Grund- und Förderschullehrer,152,Leipzig II,Direktwahl,pellmann.bsky.social
533,11005525,Tamara Mazzi,13.01.1992,weiblich,DIE LINKE.,Lehrerin,5,Kiel,Landesliste,tamaramazzi.dielinkebt.de
601,11005594,Ulrich Thoden,16.05.1973,männlich,DIE LINKE.,Lehrer am Berufskolleg,127,Steinfurt III,Landesliste,ulrichthoden.bsky.social
468,11005460,Uwe Foullong,29.09.1957,männlich,DIE LINKE.,Dipl.-Kaufmann,124,Bottrop – Recklinghausen III,Landesliste,
475,11005467,Vinzenz Glaser,15.08.1992,männlich,DIE LINKE.,Sozialarbeiter,281,Freiburg,Landesliste,vinzenzglaser.dielinkebt.de
429,11005421,Violetta Bock,11.12.1987,weiblich,DIE LINKE.,,167,Kassel,Landesliste,
570,11005562,Zada Salihović,28.03.2000,weiblich,DIE LINKE.,"Kauffrau für Büromanagement, Gewerkschaftsmitarbeiterin",,,Landesliste,zadasalihovic.dielinkebt.de
508,11005500,Sieghard Knodel,13.02.1961,männlich,Plos,"Betriebswirt, Landmaschinenmeister",,,Landesliste,
255,11005005,Adis Ahmetović,27.07.1993,männlich,SPD,Referent für Regierungsplanung in der Nds. Staatskanzelei,41,Stadt Hannover I,Direktwahl,
138,11004407,Andreas Schwarz,03.03.1965,männlich,SPD,Betriebswirt,235,Bamberg,Landesliste,schwarzmdb.bsky.social
10,11003162,Anette Kramme,10.10.1967,weiblich,SPD,"Rechtsanwältin, Fachanwältin für Arbeitsrecht",236,Bayreuth,Landesliste,
156,11004614,Angelika Glöckner,05.02.1962,weiblich,SPD,"Verwaltungsfachwirtin, Betriebswirtin",209,Pirmasens,Landesliste,
383,11005240,Anja Troff-Schaffarzyk,01.10.1969,weiblich,SPD,Dipl.-Pädagogin,25,Unterems,Landesliste,anjatroff.bsky.social
317,11005108,Annika Klose,24.06.1992,weiblich,SPD,Sozialwissenschaftlerin,74,Berlin-Mitte,Landesliste,anniklose.bsky.social
402,11005267,Armand Zorn,18.07.1988,männlich,SPD,Unternehmensberater,181,Frankfurt am Main I,Landesliste,
80,11004124,Aydan Özoğuz,31.05.1967,weiblich,SPD,"Wissenschaftliche Mitarbeiterin, Körber Stiftung",22,Hamburg-Wandsbek,Direktwahl,
133,11004392,Bernd Rützel,02.10.1968,männlich,SPD,Maschinenschlosser,248,Main-Spessart,Landesliste,
20,11003545,Bettina Hagedorn,26.12.1955,weiblich,SPD,Goldschmiedin,9,Ostholstein – Stormarn-Nord,Landesliste,
330,11005135,Bettina Lugk,03.02.1982,weiblich,SPD,"Geowissenschaftlerin, Verwaltungsfachwirtin",149,Märkischer Kreis II,Landesliste,
551,11005543,Boris Pistorius,14.03.1960,männlich,SPD,"Bundesminister, Jurist",42,Stadt Hannover II,Direktwahl,shinygengarfrog.bsky.social
56,11004006,Bärbel Bas,03.05.1968,weiblich,SPD,Personalmanagement-Ökonomin (VWA),114,Duisburg I,Direktwahl,handle.invalid
392,11005251,Carmen Wegge,24.09.1989,weiblich,SPD,Juristin,223,Starnberg – Landsberg am Lech,Landesliste,carmenwegge.bsky.social
12,11003218,Carsten Schneider,23.01.1976,männlich,SPD,Bankkaufmann,192,Erfurt – Weimar – Weimarer Land II,Landesliste,cqschneider.bsky.social
147,11004426,Carsten Träger,25.10.1973,männlich,SPD,"sebst. Werbeberater, Koordinator Kommunikation Sparkasse Fürth",242,Fürth,Landesliste,
370,11005208,Christoph Schmid,08.07.1976,männlich,SPD,"Politikwissenschaftler, Bürgermeister a. D.",253,Donau-Ries,Landesliste,
208,11004825,Claudia Moll,15.12.1968,weiblich,SPD,Examinierte Altenpflegerin,87,Aachen II,Landesliste,
137,11004401,Dagmar Schmidt,13.03.1973,weiblich,SPD,Historikerin,171,Lahn-Dill,Landesliste,dagmarschmidt.de
259,11005015,Daniel Baldy,25.09.1994,männlich,SPD,Lehrer,204,Mainz,Landesliste,daniel-baldy.bsky.social
424,11005416,Daniel Bettermann,17.10.1980,männlich,SPD,Angestellter im öffentlichen Dienst,167,Kassel,Direktwahl,
404,11005300,Daniel Rinkert,11.12.1987,männlich,SPD,Jurist,107,Neuss I,Landesliste,
613,11005606,Daniel Walter,27.03.1991,männlich,SPD,Referent / LL.M. European Law,89,Düren,Landesliste,daniewalter.bsky.social
568,11005560,Daniela Rump,13.01.1996,weiblich,SPD,Studentin der Rechtswissenschaften,48,Hildesheim,Direktwahl,
131,11004388,Dennis Rohde,24.06.1986,männlich,SPD,Rechtsanwalt,27,Oldenburg – Ammerland,Direktwahl,tomschroeder93.bsky.social
384,11005241,Derya Türk-Nachbaur,10.04.1973,weiblich,SPD,Versicherungsfachfrau,286,Schwarzwald-Baar,Landesliste,deryatuerknachbaur.bsky.social
149,11004433,Dirk Vöpel,29.05.1971,männlich,SPD,Selbstständiger Kaufmann,116,Oberhausen – Wesel III,Direktwahl,
153,11004444,Dirk Wiese,11.07.1983,männlich,SPD,Jurist,146,Hochsauerlandkreis,Landesliste,
35,11003710,Dr. Bärbel Kofler,24.05.1967,weiblich,SPD,"Bankkauffrau, Diplom-Informatikerin (FH), Sprachwissenschaftlerin",224,Traunstein,Landesliste,
389,11005247,Dr. Carolin Wagner,01.10.1982,weiblich,SPD,Referatsleiterin,232,Regensburg,Landesliste,
350,11005174,Dr. Christos Pantazis,09.10.1975,männlich,SPD,Arzt,50,Braunschweig,Direktwahl,
313,11005103,Dr. Franziska Kersten,19.12.1968,weiblich,SPD,Tierärztin,67,Börde – Salzlandkreis,Landesliste,
100,11004270,Dr. Johannes Fechner,25.11.1972,männlich,SPD,Rechtsanwalt,283,Emmendingen – Lahr,Landesliste,
375,11005221,Dr. Lina Seitzl,03.06.1989,weiblich,SPD,Politikwissenschaftlerin,287,Konstanz,Landesliste,
45,11003809,Dr. Matthias Miersch,19.12.1968,männlich,SPD,Rechtsanwalt,47,Hannover-Land II,Direktwahl,
228,11004876,Dr. Nils Schmid,11.07.1973,männlich,SPD,"Jurist, Minister a. D.",262,Nürtingen,Landesliste,
136,11004396,Dr. Nina Scheer,11.09.1971,weiblich,SPD,"Juristin, Politikwissenschaftlerin, Musikerin",10,Herzogtum Lauenburg – Stormarn-Süd,Landesliste,nina-scheer.de
566,11005558,Dr. Philipp Rottwilm,28.08.1984,männlich,SPD,"Dipl.-Kaufmann, Bürgermeister",169,Schwalm-Eder,Landesliste,
378,11005229,Dr. Ralf Stegner,02.10.1959,männlich,SPD,Politikwissenschaftler,7,Pinneberg,Landesliste,
28,11003599,Dr. Rolf Mützenich,25.06.1959,männlich,SPD,Dipl.-Politikwissenschaftler,94,Köln III,Landesliste,
331,11005137,Dr. Tanja Machalet,01.05.1974,weiblich,SPD,"Bankkauffrau, Dipl.-Volkswirtin",203,Montabaur,Landesliste,
362,11005194,Dr. Thorsten Rudolph,15.03.1974,männlich,SPD,Beamter,198,Koblenz,Landesliste,
180,11004710,Dr. Wiebke Esdar,11.02.1984,weiblich,SPD,Dipl.-Psychologin,131,Bielefeld – Gütersloh II,Direktwahl,
321,11005115,Dunja Kreiser,27.06.1971,weiblich,SPD,Abwassermeisterin,49,Salzgitter – Wolfenbüttel,Direktwahl,
195,11004771,Elisabeth Kaiser,04.03.1987,weiblich,SPD,Politik- und Verwaltungswissenschaftlerin,193,Gera – Greiz – Altenburger Land,Landesliste,elisabethkaiser.bsky.social
326,11005131,Esra Limbacher,01.05.1989,männlich,SPD,Volljurist,299,Homburg,Direktwahl,esralimbacher.bsky.social
178,11004701,Esther Dilcher,18.09.1965,weiblich,SPD,"Rechtsanwältin, Notarin",166,Waldeck,Landesliste,
278,11005044,Falko Droßmann,11.12.1973,männlich,SPD,Soldat,18,Hamburg-Mitte,Direktwahl,
277,11005043,Felix Döring,23.02.1991,männlich,SPD,Lehrer,172,Gießen,Landesliste,
113,11004317,Frank Junge,05.05.1967,männlich,SPD,Dipl.-Sportlehrer,13,Ludwigslust-Parchim II–Nordwestmecklenbg II–Landkr. RostockI,Landesliste,
49,11003846,Frank Schwabe,12.11.1970,männlich,SPD,,120,Recklinghausen I,Direktwahl,frankschwabe.bsky.social
297,11005077,Frauke Heiligenstadt,24.03.1966,weiblich,SPD,Dipl.-Verwaltungswirtin FH,52,Goslar – Northeim – Göttingen II,Direktwahl,fheiligenstadt.bsky.social
109,11004296,Gabriela Heinrich,18.04.1963,weiblich,SPD,Redakteurin,243,Nürnberg-Nord,Landesliste,tracingechoes.bsky.social
273,11005038,Hakan Demir,16.11.1984,männlich,SPD,,81,Berlin-Neukölln,Landesliste,justfener.bsky.social
406,11005314,Heike Heubach,14.12.1979,weiblich,SPD,Industriekauffrau,252,Augsburg-Land,Landesliste,
205,11004802,Helge Lindh,06.12.1976,männlich,SPD,,101,Wuppertal I,Direktwahl,helgelindh.bsky.social
315,11005105,Helmut Kleebank,18.11.1964,männlich,SPD,"Krankenpfleger, Lehrer, Bezirksbürgermeister i. R.",77,Berlin-Spandau – Charlottenburg Nord,Direktwahl,
432,11005424,Hendrik Bollmann,10.09.1982,männlich,SPD,Oberstudienrat,140,Herne – Bochum II,Direktwahl,
333,11005140,Holger Mann,19.02.1979,männlich,SPD,Politikwissenschaftler,151,Leipzig I,Landesliste,holgermietho.bsky.social
9,11003142,Hubertus Heil,03.11.1972,männlich,SPD,"Politikwissenschaftler, Bundesminister",45,Gifhorn – Peine,Direktwahl,
607,11005600,Ingo Vogel,29.04.1976,männlich,SPD,Polizeibeamter,118,Essen II,Direktwahl,
272,11005036,Isabel Cademartori Dujisin,09.01.1988,weiblich,SPD,Wirtschaftspädagogin,275,Mannheim,Landesliste,
249,11004949,Isabel Mackensen,29.09.1986,weiblich,SPD,Politikwissenschaftlerin,207,Neustadt – Speyer,Landesliste,
265,11005025,Jakob Blankenburg,05.08.1997,männlich,SPD,Politikwissenschaftler,37,Lüchow-Dannenberg – Lüneburg,Direktwahl,
275,11005041,Jan Dieren,29.07.1991,männlich,SPD,Rechtsanwalt,113,Krefeld II – Wesel II,Landesliste,jandieren.bsky.social
303,11005088,Jasmina Hostert,03.12.1982,weiblich,SPD,Politikwissenschaftlerin,260,Böblingen,Landesliste,
422,11005414,Jens Behrens,12.06.1978,männlich,SPD,Bankkaufmann,145,Soest,Landesliste,jpbgames.bsky.social
352,11005178,Jens Peick,16.08.1981,männlich,SPD,Dipl.-Verwaltungswirt (FH),141,Dortmund I,Direktwahl,jenspeick.bsky.social
134,11004393,Johann Saathoff,09.12.1967,männlich,SPD,Diplom-Verwaltungswirt (FH),24,Aurich – Emden,Direktwahl,johann-saathoff.bsky.social
231,11004881,Johannes Schraps,17.08.1983,männlich,SPD,Politikwissenschaftler,46,Hameln-Pyrmont – Holzminden,Direktwahl,johannesschraps.bsky.social
368,11005204,Johannes Schätzl,10.06.1993,männlich,SPD,Informatiker / Datenanlyse,228,Passau,Landesliste,johannesschaetzl.bsky.social
215,11004844,Josephine Ortleb,25.11.1986,weiblich,SPD,Fachwirtin in der Gastronomie,296,Saarbrücken,Direktwahl,josephine-ortleb.de
158,11004639,Jürgen Coße,16.08.1969,männlich,SPD,Arbeitsvermittler,127,Steinfurt III,Landesliste,juergencosse.bsky.social
338,11005153,Kathrin Michel,17.04.1963,weiblich,SPD,Industriekauffrau,155,Bautzen I,Landesliste,kthrn-mchl-spd.bsky.social
44,11003804,Katja Mast,04.02.1971,weiblich,SPD,"MdB, Bankkauffrau",279,Pforzheim,Landesliste,katjamast.bsky.social
15,11003440,Kerstin Griese,06.12.1966,weiblich,SPD,Historikerin,104,Mettmann II,Landesliste,
36,11003715,Lars Klingbeil,23.02.1978,männlich,SPD,Politikwissenschaftler,35,Rotenburg I – Heidekreis,Direktwahl,larsklingbeil.bsky.social
309,11005096,Macit Karaahmetoğlu,11.07.1968,männlich,SPD,"Rechtsanwalt, Fachanwalt für Urheber- und Medienrecht",265,Ludwigsburg,Landesliste,handle.invalid
125,11004368,Mahmut Özdemir,23.06.1987,männlich,SPD,Rechtsreferendar (beurlaubt),115,Duisburg II,Direktwahl,kobeyasi.bsky.social
391,11005249,Maja Wallstein,18.03.1986,weiblich,SPD,Wissenschaftsmanagerin,64,Cottbus – Spree-Neiße,Landesliste,
248,11004942,Marja-Liisa Völlers,28.09.1984,weiblich,SPD,Lehrerin,40,Nienburg II – Schaumburg,Direktwahl,
241,11004921,Markus Töns,01.01.1964,männlich,SPD,Politologe,122,Gelsenkirchen,Direktwahl,
39,11003758,Martin Gerster,30.08.1971,männlich,SPD,"Politikwissenschaftler, Redakteur",292,Biberach,Landesliste,martinjohansen.bsky.social
322,11005116,Martin Kröber,12.02.1992,männlich,SPD,Geschäftsstellenleiter,69,Magdeburg,Landesliste,
127,11004381,Martin Rabanus,02.09.1971,männlich,SPD,Ministerialrat,177,Rheingau-Taunus – Limburg,Landesliste,
339,11005154,Matthias David Mieves,30.12.1985,männlich,SPD,Dipl.-Kaufmann,208,Kaiserslautern,Direktwahl,djrg.bsky.social
106,11004289,Metin Hakverdi,25.06.1969,männlich,SPD,Volljurist,23,Hamburg-Bergedorf – Harburg,Direktwahl,metinhakverdi.bsky.social
233,11004884,Michael Schrodi,03.07.1977,männlich,SPD,Studienrat,214,Fürstenfeldbruck,Landesliste,michael-schrodi.bsky.social
145,11004424,Michael Thews,06.09.1964,männlich,SPD,Diplom-Chemieingenieur,144,Hamm – Unna II,Direktwahl,michaelthews.bsky.social
300,11005084,Nadine Heselhaus,12.10.1978,weiblich,SPD,Dipl.-Verwaltungswirtin (FH),125,Borken II,Landesliste,
460,11005452,Nancy Faeser,13.07.1970,weiblich,SPD,Rechtsanwältin,180,Main-Taunus,Landesliste,
351,11005177,Natalie Pawlik,26.08.1992,weiblich,SPD,Geschichts- und Sozialwissenschaftlerin (M.A.),176,Wetterau I,Landesliste,nataliepawlik.bsky.social
13,11003231,Olaf Scholz,14.06.1958,männlich,SPD,Rechtsanwalt,61,Potsdam – Potsdam-Mittelmark II – Teltow-Fläming II,Direktwahl,dbroessler.bsky.social
69,11004063,Oliver Kaczmarek,08.08.1970,männlich,SPD,,143,Unna I,Direktwahl,
334,11005143,Parsa Marvi,06.02.1982,männlich,SPD,Produktmanager Breitband,271,Karlsruhe-Stadt,Landesliste,
43,11003797,Prof. Dr. Karl Lauterbach,21.02.1963,männlich,SPD,Universitätsprofessor,100,Leverkusen – Köln IV,Direktwahl,
93,11004257,Prof. Dr. Lars Castellucci,24.02.1974,männlich,SPD,Hochschullehrer,277,Rhein-Neckar,Landesliste,
346,11005165,Rasha Nasr,12.05.1992,weiblich,SPD,Politikwissenschaftlerin,158,Dresden I,Landesliste,albrechtpallas.de
256,11005006,Reem Alabali-Radovan,01.05.1990,weiblich,SPD,Politikwissenschaftlerin,12,Schwerin – Ludwigslust-Parchim I – Nordwestmecklenburg I,Landesliste,jonaslittmann.bsky.social
50,11003847,Rita Schwarzelühr-Sutter,13.10.1962,weiblich,SPD,Dipl.-Betriebswirtin,288,Waldshut,Landesliste,ritaschwarzeluehr.bsky.social
381,11005236,Ruppert Stüwe,21.05.1978,männlich,SPD,Dipl.-Volkswirt,78,Berlin-Steglitz-Zehlendorf,Landesliste,ruppertstuewe.bsky.social
94,11004261,Sabine Dittmar,15.09.1964,weiblich,SPD,Ärztin,247,Bad Kissingen,Landesliste,
126,11004377,Sabine Poschmann,04.10.1968,weiblich,SPD,Betriebswirtin (VWA),142,Dortmund II,Direktwahl,
253,11005000,Sanae Abdi,07.07.1986,weiblich,SPD,"Vertragsmanagerin, Finanzmanagerin",92,Köln I,Direktwahl,sanaeabdi.bsky.social
98,11004267,Saskia Esken,28.08.1961,weiblich,SPD,staatl. geprüfte Informatikerin,280,Calw,Landesliste,eskensaskia.bsky.social
285,11005056,Sebastian Fiedler,19.06.1973,männlich,SPD,Kriminalbeamter,117,Mülheim – Essen I,Direktwahl,sbfiedler.de
107,11004291,Sebastian Hartmann,07.07.1977,männlich,SPD,Organisationsberater,96,Rhein-Sieg-Kreis I,Landesliste,sebastianhartmann.bsky.social
360,11005191,Sebastian Roloff,28.01.1983,männlich,SPD,Rechtsanwalt,218,München-Süd,Landesliste,sebastianroloff.bsky.social
621,11005614,Serdar Yüksel,27.04.1973,männlich,SPD,Krankenpfleger,139,Bochum I,Direktwahl,
209,11004826,Siemtje Möller,20.07.1983,weiblich,SPD,Lehrerin,26,Friesland – Wilhelmshaven – Wittmund,Direktwahl,siemtje-moeller.de
282,11005049,Sonja Eichwede,25.10.1987,weiblich,SPD,Richterin,60,BRB a.d.Havel– Potsdam-MittelmarkI –HVL III–Teltow-Fläming I,Landesliste,
83,11004150,Stefan Schwartze,23.05.1974,männlich,SPD,Industriemechaniker,132,Herford – Minden-Lübbecke II,Landesliste,stefan-schwartze.de
155,11004453,Stefan Zierke,05.12.1970,männlich,SPD,"Werkzeugmacher, Tourismusfachwirt, Reiseverkehrskaufmann",57,Uckermark – Barnim I,Landesliste,zierke.bsky.social
373,11005217,Svenja Schulze,29.09.1968,weiblich,SPD,Unternehmensberaterin,128,Münster,Landesliste,svenjaschulze.bsky.social
140,11004412,Svenja Stadler,26.08.1976,weiblich,SPD,Senior-PR-Beraterin,36,Harburg,Landesliste,svenjastadler.bsky.social
16,11003496,Sören Bartol,04.09.1974,männlich,SPD,Politikwissenschaftler,170,Marburg,Direktwahl,
318,11005109,Tim Klüssendorf,16.08.1991,männlich,SPD,"Volkswirt (B. Sc.), Betriebswirt (M. Sc.)",11,Lübeck,Direktwahl,
561,11005553,Truels Reichardt,05.06.1994,männlich,SPD,Sozialpädagoge / Sozialarbeiter mit staatlicher Anerkennung,2,Nordfriesland – Dithmarschen Nord,Landesliste,
230,11004878,Uwe Schmidt,14.02.1966,männlich,SPD,Hafenfacharbeiter,55,Bremen II – Bremerhaven,Direktwahl,kaiuwebschmidt.bsky.social
304,11005089,Verena Hubertz,26.11.1987,weiblich,SPD,Unternehmerin,202,Trier,Landesliste,verena-hubertz.de
374,11005219,Stefan Seidler,18.12.1979,männlich,SSW,Regierungs-Koordinator/Politischer Berater,1,Flensburg – Schleswig,Landesliste,stefanseidlerssw.bsky.social
